,notes,last_parsed,last_arranged,last_indexed,last_spidered
adobe-ae,Pending re-do parsing due to issue with pandoc role=main,20250131_171612,20250131_171545,20250131_170859,20250131_170827
google-devs,Splitting spider index,,,,20250203_043541
adobe-ai,,,,,20250201_134722
adobe-extendscript,,,,,20250201_135108
adobe-ppro,,,,,20250201_135327
docker,,,,,20250201_143424
shopify,,,,,20250201_100946
js-cheerio,,,,,20250201_101226
mongodb,,,,,20250201_101606
js-nextjs,,,,,20250201_101840
js-react,,,,,20250201_101853
lua,,,,,20250201_102644
maxforlive,,,,,20250201_102650
google-cloud,,,,,20250201_220838
mdncss,,,,,20250201_223232
ms-learn,,,,,20250202_041023
mdnhtml,,,,,20250202_083049
mdnhttp,,,,,20250202_171009
mdnjs,,,,,20250203_020531
py-llamaindex,,,,,20250203_062549
node-express,,,,,20250203_062636
react-native,,,,,20250203_063020
node-puppeteer,,,,,20250203_063030
ts-lang,,,,,20250203_063036
ts-llamaindex,,,,,20250203_063110
pandoc,,,,,20250203_063112
wireshark,,,,,20250203_071454
zaproxy,,,,,20250203_071830
