https://discord.com/invite/bUG2bvbtHy,-1
https://discord.gg/bUG2bvbtHy,-1
https://nextjs.org/,-1
https://nextjs.org/analytics,-1
https://nextjs.org/blog,-1
https://nextjs.org/blog/composable-caching,-1
https://nextjs.org/blog/create-next-app,-1
https://nextjs.org/blog/incremental-adoption,-1
https://nextjs.org/blog/june-2023-update,-1
https://nextjs.org/blog/layouts-rfc,-1
https://nextjs.org/blog/new-documentation,-1
https://nextjs.org/blog/next-10,-1
https://nextjs.org/blog/next-10-1,-1
https://nextjs.org/blog/next-10-2,-1
https://nextjs.org/blog/next-11,-1
https://nextjs.org/blog/next-11-1,-1
https://nextjs.org/blog/next-12,-1
https://nextjs.org/blog/next-12-1,-1
https://nextjs.org/blog/next-12-2,-1
https://nextjs.org/blog/next-12-3,-1
https://nextjs.org/blog/next-13,-1
https://nextjs.org/blog/next-13-1,-1
https://nextjs.org/blog/next-13-2,-1
https://nextjs.org/blog/next-13-3,-1
https://nextjs.org/blog/next-13-4,-1
https://nextjs.org/blog/next-13-5,-1
https://nextjs.org/blog/next-14,-1
https://nextjs.org/blog/next-14-1,-1
https://nextjs.org/blog/next-14-2,-1
https://nextjs.org/blog/next-15,-1
https://nextjs.org/blog/next-15-1,-1
https://nextjs.org/blog/next-15-rc,-1
https://nextjs.org/blog/next-15-rc2,-1
https://nextjs.org/blog/next-5,-1
https://nextjs.org/blog/next-5-1,-1
https://nextjs.org/blog/next-6,-1
https://nextjs.org/blog/next-6-1,-1
https://nextjs.org/blog/next-7,-1
https://nextjs.org/blog/next-7/,-1
https://nextjs.org/blog/next-8-0-4,-1
https://nextjs.org/blog/next-8,-1
https://nextjs.org/blog/next-8-1,-1
https://nextjs.org/blog/next-9-0-7,-1
https://nextjs.org/blog/next-9,-1
https://nextjs.org/blog/next-9-1,-1
https://nextjs.org/blog/next-9-1-7,-1
https://nextjs.org/blog/next-9-2,-1
https://nextjs.org/blog/next-9-3,-1
https://nextjs.org/blog/next-9-4,-1
https://nextjs.org/blog/next-9-5,-1
https://nextjs.org/blog/our-journey-with-caching,-1
https://nextjs.org/blog/security-nextjs-server-components-actions,-1
https://nextjs.org/blog/styling-next-with-styled-jsx,-1
https://nextjs.org/blog/turbopack-for-development-stable,-1
https://nextjs.org/blog/webpack-memory,-1
https://nextjs.org/commerce,-1
https://nextjs.org/conf,-1
https://nextjs.org/conf/login,-1
https://nextjs.org/conf/session/a-fireside-chat-with-guillermo-rauch-and-sahil-lavingia,-1
https://nextjs.org/conf/session/ama-nextjs-team,-1
https://nextjs.org/conf/session/building-user-interfaces-in-the-age-of-ai,-1
https://nextjs.org/conf/session/live-by-default,-1
https://nextjs.org/conf/session/next-level-product-velocity-with-nextjs,-1
https://nextjs.org/conf/session/opening-keynote,-1
https://nextjs.org/conf/session/optimizing-lcp-partial-prerendering-deep-dive,-1
https://nextjs.org/conf/session/prose-and-cons-migrating-the-new-york-public-librarys-digital-collections-to-nextjs,-1
https://nextjs.org/conf/session/react-server-components-elevating-speed-interactivity-and-user-experience,-1
https://nextjs.org/conf/session/the-long-and-winding-road-csr-to-static-export-to-ssg,-1
https://nextjs.org/discord,-1
https://nextjs.org/docs,-1
https://nextjs.org/docs/,-1
https://nextjs.org/docs/13,-1
https://nextjs.org/docs/13/app,-1
https://nextjs.org/docs/13/app/api-reference,-1
https://nextjs.org/docs/13/app/api-reference/components,-1
https://nextjs.org/docs/13/app/api-reference/components/font,-1
https://nextjs.org/docs/13/app/api-reference/components/image,-1
https://nextjs.org/docs/13/app/api-reference/components/link,-1
https://nextjs.org/docs/13/app/api-reference/components/script,-1
https://nextjs.org/docs/13/app/api-reference/create-next-app,-1
https://nextjs.org/docs/13/app/api-reference/edge,-1
https://nextjs.org/docs/13/app/api-reference/file-conventions,-1
https://nextjs.org/docs/13/app/api-reference/file-conventions/default,-1
https://nextjs.org/docs/13/app/api-reference/file-conventions/error,-1
https://nextjs.org/docs/13/app/api-reference/file-conventions/layout,-1
https://nextjs.org/docs/13/app/api-reference/file-conventions/loading,-1
https://nextjs.org/docs/13/app/api-reference/file-conventions/metadata,-1
https://nextjs.org/docs/13/app/api-reference/file-conventions/metadata/app-icons,-1
https://nextjs.org/docs/13/app/api-reference/file-conventions/metadata/manifest,-1
https://nextjs.org/docs/13/app/api-reference/file-conventions/metadata/opengraph-image,-1
https://nextjs.org/docs/13/app/api-reference/file-conventions/metadata/robots,-1
https://nextjs.org/docs/13/app/api-reference/file-conventions/metadata/sitemap,-1
https://nextjs.org/docs/13/app/api-reference/file-conventions/not-found,-1
https://nextjs.org/docs/13/app/api-reference/file-conventions/page,-1
https://nextjs.org/docs/13/app/api-reference/file-conventions/route,-1
https://nextjs.org/docs/13/app/api-reference/file-conventions/route-segment-config,-1
https://nextjs.org/docs/13/app/api-reference/file-conventions/template,-1
https://nextjs.org/docs/13/app/api-reference/functions,-1
https://nextjs.org/docs/13/app/api-reference/functions/cookies,-1
https://nextjs.org/docs/13/app/api-reference/functions/draft-mode,-1
https://nextjs.org/docs/13/app/api-reference/functions/fetch,-1
https://nextjs.org/docs/13/app/api-reference/functions/generate-image-metadata,-1
https://nextjs.org/docs/13/app/api-reference/functions/generate-metadata,-1
https://nextjs.org/docs/13/app/api-reference/functions/generate-static-params,-1
https://nextjs.org/docs/13/app/api-reference/functions/headers,-1
https://nextjs.org/docs/13/app/api-reference/functions/image-response,-1
https://nextjs.org/docs/13/app/api-reference/functions/next-request,-1
https://nextjs.org/docs/13/app/api-reference/functions/next-response,-1
https://nextjs.org/docs/13/app/api-reference/functions/not-found,-1
https://nextjs.org/docs/13/app/api-reference/functions/permanentRedirect,-1
https://nextjs.org/docs/13/app/api-reference/functions/redirect,-1
https://nextjs.org/docs/13/app/api-reference/functions/revalidatePath,-1
https://nextjs.org/docs/13/app/api-reference/functions/revalidateTag,-1
https://nextjs.org/docs/13/app/api-reference/functions/server-actions,-1
https://nextjs.org/docs/13/app/api-reference/functions/use-params,-1
https://nextjs.org/docs/13/app/api-reference/functions/use-pathname,-1
https://nextjs.org/docs/13/app/api-reference/functions/use-report-web-vitals,-1
https://nextjs.org/docs/13/app/api-reference/functions/use-router,-1
https://nextjs.org/docs/13/app/api-reference/functions/use-search-params,-1
https://nextjs.org/docs/13/app/api-reference/functions/use-selected-layout-segment,-1
https://nextjs.org/docs/13/app/api-reference/functions/use-selected-layout-segments,-1
https://nextjs.org/docs/13/app/api-reference/next-cli,-1
https://nextjs.org/docs/13/app/api-reference/next-config-js,-1
https://nextjs.org/docs/13/app/api-reference/next-config-js/appDir,-1
https://nextjs.org/docs/13/app/api-reference/next-config-js/assetPrefix,-1
https://nextjs.org/docs/13/app/api-reference/next-config-js/basePath,-1
https://nextjs.org/docs/13/app/api-reference/next-config-js/compress,-1
https://nextjs.org/docs/13/app/api-reference/next-config-js/devIndicators,-1
https://nextjs.org/docs/13/app/api-reference/next-config-js/distDir,-1
https://nextjs.org/docs/13/app/api-reference/next-config-js/env,-1
https://nextjs.org/docs/13/app/api-reference/next-config-js/eslint,-1
https://nextjs.org/docs/13/app/api-reference/next-config-js/exportPathMap,-1
https://nextjs.org/docs/13/app/api-reference/next-config-js/generateBuildId,-1
https://nextjs.org/docs/13/app/api-reference/next-config-js/generateEtags,-1
https://nextjs.org/docs/13/app/api-reference/next-config-js/headers,-1
https://nextjs.org/docs/13/app/api-reference/next-config-js/httpAgentOptions,-1
https://nextjs.org/docs/13/app/api-reference/next-config-js/images,-1
https://nextjs.org/docs/13/app/api-reference/next-config-js/incrementalCacheHandlerPath,-1
https://nextjs.org/docs/13/app/api-reference/next-config-js/mdxRs,-1
https://nextjs.org/docs/13/app/api-reference/next-config-js/onDemandEntries,-1
https://nextjs.org/docs/13/app/api-reference/next-config-js/optimizePackageImports,-1
https://nextjs.org/docs/13/app/api-reference/next-config-js/output,-1
https://nextjs.org/docs/13/app/api-reference/next-config-js/pageExtensions,-1
https://nextjs.org/docs/13/app/api-reference/next-config-js/poweredByHeader,-1
https://nextjs.org/docs/13/app/api-reference/next-config-js/productionBrowserSourceMaps,-1
https://nextjs.org/docs/13/app/api-reference/next-config-js/reactStrictMode,-1
https://nextjs.org/docs/13/app/api-reference/next-config-js/redirects,-1
https://nextjs.org/docs/13/app/api-reference/next-config-js/rewrites,-1
https://nextjs.org/docs/13/app/api-reference/next-config-js/serverActions,-1
https://nextjs.org/docs/13/app/api-reference/next-config-js/serverComponentsExternalPackages,-1
https://nextjs.org/docs/13/app/api-reference/next-config-js/trailingSlash,-1
https://nextjs.org/docs/13/app/api-reference/next-config-js/transpilePackages,-1
https://nextjs.org/docs/13/app/api-reference/next-config-js/turbo,-1
https://nextjs.org/docs/13/app/api-reference/next-config-js/typedRoutes,-1
https://nextjs.org/docs/13/app/api-reference/next-config-js/typescript,-1
https://nextjs.org/docs/13/app/api-reference/next-config-js/urlImports,-1
https://nextjs.org/docs/13/app/api-reference/next-config-js/webpack,-1
https://nextjs.org/docs/13/app/api-reference/next-config-js/webVitalsAttribution,-1
https://nextjs.org/docs/13/app/building-your-application,-1
https://nextjs.org/docs/13/app/building-your-application/caching,-1
https://nextjs.org/docs/13/app/building-your-application/configuring,-1
https://nextjs.org/docs/13/app/building-your-application/configuring/absolute-imports-and-module-aliases,-1
https://nextjs.org/docs/13/app/building-your-application/configuring/content-security-policy,-1
https://nextjs.org/docs/13/app/building-your-application/configuring/draft-mode,-1
https://nextjs.org/docs/13/app/building-your-application/configuring/environment-variables,-1
https://nextjs.org/docs/13/app/building-your-application/configuring/eslint,-1
https://nextjs.org/docs/13/app/building-your-application/configuring/mdx,-1
https://nextjs.org/docs/13/app/building-your-application/configuring/src-directory,-1
https://nextjs.org/docs/13/app/building-your-application/configuring/typescript,-1
https://nextjs.org/docs/13/app/building-your-application/data-fetching,-1
https://nextjs.org/docs/13/app/building-your-application/data-fetching/fetching-caching-and-revalidating,-1
https://nextjs.org/docs/13/app/building-your-application/data-fetching/forms-and-mutations,-1
https://nextjs.org/docs/13/app/building-your-application/data-fetching/patterns,-1
https://nextjs.org/docs/13/app/building-your-application/data-fetching/server-actions-and-mutations,-1
https://nextjs.org/docs/13/app/building-your-application/deploying,-1
https://nextjs.org/docs/13/app/building-your-application/deploying/static-exports,-1
https://nextjs.org/docs/13/app/building-your-application/optimizing,-1
https://nextjs.org/docs/13/app/building-your-application/optimizing/analytics,-1
https://nextjs.org/docs/13/app/building-your-application/optimizing/fonts,-1
https://nextjs.org/docs/13/app/building-your-application/optimizing/images,-1
https://nextjs.org/docs/13/app/building-your-application/optimizing/instrumentation,-1
https://nextjs.org/docs/13/app/building-your-application/optimizing/lazy-loading,-1
https://nextjs.org/docs/13/app/building-your-application/optimizing/metadata,-1
https://nextjs.org/docs/13/app/building-your-application/optimizing/open-telemetry,-1
https://nextjs.org/docs/13/app/building-your-application/optimizing/scripts,-1
https://nextjs.org/docs/13/app/building-your-application/optimizing/static-assets,-1
https://nextjs.org/docs/13/app/building-your-application/rendering,-1
https://nextjs.org/docs/13/app/building-your-application/rendering/client-components,-1
https://nextjs.org/docs/13/app/building-your-application/rendering/composition-patterns,-1
https://nextjs.org/docs/13/app/building-your-application/rendering/edge-and-nodejs-runtimes,-1
https://nextjs.org/docs/13/app/building-your-application/rendering/server-components,-1
https://nextjs.org/docs/13/app/building-your-application/routing,-1
https://nextjs.org/docs/13/app/building-your-application/routing/colocation,-1
https://nextjs.org/docs/13/app/building-your-application/routing/defining-routes,-1
https://nextjs.org/docs/13/app/building-your-application/routing/dynamic-routes,-1
https://nextjs.org/docs/13/app/building-your-application/routing/error-handling,-1
https://nextjs.org/docs/13/app/building-your-application/routing/intercepting-routes,-1
https://nextjs.org/docs/13/app/building-your-application/routing/internationalization,-1
https://nextjs.org/docs/13/app/building-your-application/routing/linking-and-navigating,-1
https://nextjs.org/docs/13/app/building-your-application/routing/loading-ui-and-streaming,-1
https://nextjs.org/docs/13/app/building-your-application/routing/middleware,-1
https://nextjs.org/docs/13/app/building-your-application/routing/pages-and-layouts,-1
https://nextjs.org/docs/13/app/building-your-application/routing/parallel-routes,-1
https://nextjs.org/docs/13/app/building-your-application/routing/route-groups,-1
https://nextjs.org/docs/13/app/building-your-application/routing/route-handlers,-1
https://nextjs.org/docs/13/app/building-your-application/styling,-1
https://nextjs.org/docs/13/app/building-your-application/styling/css-in-js,-1
https://nextjs.org/docs/13/app/building-your-application/styling/css-modules,-1
https://nextjs.org/docs/13/app/building-your-application/styling/sass,-1
https://nextjs.org/docs/13/app/building-your-application/styling/tailwind-css,-1
https://nextjs.org/docs/13/app/building-your-application/upgrading,-1
https://nextjs.org/docs/13/app/building-your-application/upgrading/app-router-migration,-1
https://nextjs.org/docs/13/app/building-your-application/upgrading/codemods,-1
https://nextjs.org/docs/13/app/building-your-application/upgrading/from-vite,-1
https://nextjs.org/docs/13/architecture,-1
https://nextjs.org/docs/13/architecture/accessibility,-1
https://nextjs.org/docs/13/architecture/fast-refresh,-1
https://nextjs.org/docs/13/architecture/nextjs-compiler,-1
https://nextjs.org/docs/13/architecture/supported-browsers,-1
https://nextjs.org/docs/13/architecture/turbopack,-1
https://nextjs.org/docs/13/community,-1
https://nextjs.org/docs/13/community/contribution-guide,-1
https://nextjs.org/docs/13/getting-started,-1
https://nextjs.org/docs/13/getting-started/installation,-1
https://nextjs.org/docs/13/getting-started/project-structure,-1
https://nextjs.org/docs/13/messages/app-container-deprecated,-1
https://nextjs.org/docs/13/messages/conflicting-public-file-page,-1
https://nextjs.org/docs/13/messages/google-font-display,-1
https://nextjs.org/docs/13/messages/google-font-preconnect,-1
https://nextjs.org/docs/13/messages/inline-script-id,-1
https://nextjs.org/docs/13/messages/middleware-upgrade-guide,-1
https://nextjs.org/docs/13/messages/next-dynamic-modules,-1
https://nextjs.org/docs/13/messages/next-script-for-ga,-1
https://nextjs.org/docs/13/messages/no-assign-module-variable,-1
https://nextjs.org/docs/13/messages/no-async-client-component,-1
https://nextjs.org/docs/13/messages/no-before-interactive-script-outside-document,-1
https://nextjs.org/docs/13/messages/no-cache,-1
https://nextjs.org/docs/13/messages/no-css-tags,-1
https://nextjs.org/docs/13/messages/no-document-import-in-page,-1
https://nextjs.org/docs/13/messages/no-duplicate-head,-1
https://nextjs.org/docs/13/messages/no-head-element,-1
https://nextjs.org/docs/13/messages/no-head-import-in-document,-1
https://nextjs.org/docs/13/messages/no-html-link-for-pages,-1
https://nextjs.org/docs/13/messages/no-img-element,-1
https://nextjs.org/docs/13/messages/no-page-custom-font,-1
https://nextjs.org/docs/13/messages/no-script-component-in-head,-1
https://nextjs.org/docs/13/messages/no-styled-jsx-in-document,-1
https://nextjs.org/docs/13/messages/no-sync-scripts,-1
https://nextjs.org/docs/13/messages/no-title-in-document-head,-1
https://nextjs.org/docs/13/messages/no-unwanted-polyfillio,-1
https://nextjs.org/docs/13/messages/url-deprecated,-1
https://nextjs.org/docs/13/messages/webpack5,-1
https://nextjs.org/docs/13/pages,-1
https://nextjs.org/docs/13/pages/api-reference,-1
https://nextjs.org/docs/13/pages/api-reference/components,-1
https://nextjs.org/docs/13/pages/api-reference/components/font,-1
https://nextjs.org/docs/13/pages/api-reference/components/head,-1
https://nextjs.org/docs/13/pages/api-reference/components/image,-1
https://nextjs.org/docs/13/pages/api-reference/components/image-legacy,-1
https://nextjs.org/docs/13/pages/api-reference/components/link,-1
https://nextjs.org/docs/13/pages/api-reference/components/script,-1
https://nextjs.org/docs/13/pages/api-reference/create-next-app,-1
https://nextjs.org/docs/13/pages/api-reference/edge,-1
https://nextjs.org/docs/13/pages/api-reference/functions,-1
https://nextjs.org/docs/13/pages/api-reference/functions/get-initial-props,-1
https://nextjs.org/docs/13/pages/api-reference/functions/get-server-side-props,-1
https://nextjs.org/docs/13/pages/api-reference/functions/get-static-paths,-1
https://nextjs.org/docs/13/pages/api-reference/functions/get-static-props,-1
https://nextjs.org/docs/13/pages/api-reference/functions/next-server,-1
https://nextjs.org/docs/13/pages/api-reference/functions/use-amp,-1
https://nextjs.org/docs/13/pages/api-reference/functions/use-report-web-vitals,-1
https://nextjs.org/docs/13/pages/api-reference/functions/use-router,-1
https://nextjs.org/docs/13/pages/api-reference/next-cli,-1
https://nextjs.org/docs/13/pages/api-reference/next-config-js,-1
https://nextjs.org/docs/13/pages/api-reference/next-config-js/assetPrefix,-1
https://nextjs.org/docs/13/pages/api-reference/next-config-js/basePath,-1
https://nextjs.org/docs/13/pages/api-reference/next-config-js/compress,-1
https://nextjs.org/docs/13/pages/api-reference/next-config-js/devIndicators,-1
https://nextjs.org/docs/13/pages/api-reference/next-config-js/distDir,-1
https://nextjs.org/docs/13/pages/api-reference/next-config-js/env,-1
https://nextjs.org/docs/13/pages/api-reference/next-config-js/eslint,-1
https://nextjs.org/docs/13/pages/api-reference/next-config-js/exportPathMap,-1
https://nextjs.org/docs/13/pages/api-reference/next-config-js/generateBuildId,-1
https://nextjs.org/docs/13/pages/api-reference/next-config-js/generateEtags,-1
https://nextjs.org/docs/13/pages/api-reference/next-config-js/headers,-1
https://nextjs.org/docs/13/pages/api-reference/next-config-js/httpAgentOptions,-1
https://nextjs.org/docs/13/pages/api-reference/next-config-js/images,-1
https://nextjs.org/docs/13/pages/api-reference/next-config-js/onDemandEntries,-1
https://nextjs.org/docs/13/pages/api-reference/next-config-js/output,-1
https://nextjs.org/docs/13/pages/api-reference/next-config-js/pageExtensions,-1
https://nextjs.org/docs/13/pages/api-reference/next-config-js/poweredByHeader,-1
https://nextjs.org/docs/13/pages/api-reference/next-config-js/productionBrowserSourceMaps,-1
https://nextjs.org/docs/13/pages/api-reference/next-config-js/reactStrictMode,-1
https://nextjs.org/docs/13/pages/api-reference/next-config-js/redirects,-1
https://nextjs.org/docs/13/pages/api-reference/next-config-js/rewrites,-1
https://nextjs.org/docs/13/pages/api-reference/next-config-js/runtime-configuration,-1
https://nextjs.org/docs/13/pages/api-reference/next-config-js/trailingSlash,-1
https://nextjs.org/docs/13/pages/api-reference/next-config-js/transpilePackages,-1
https://nextjs.org/docs/13/pages/api-reference/next-config-js/turbo,-1
https://nextjs.org/docs/13/pages/api-reference/next-config-js/typescript,-1
https://nextjs.org/docs/13/pages/api-reference/next-config-js/urlImports,-1
https://nextjs.org/docs/13/pages/api-reference/next-config-js/webpack,-1
https://nextjs.org/docs/13/pages/api-reference/next-config-js/webVitalsAttribution,-1
https://nextjs.org/docs/13/pages/building-your-application,-1
https://nextjs.org/docs/13/pages/building-your-application/configuring,-1
https://nextjs.org/docs/13/pages/building-your-application/configuring/absolute-imports-and-module-aliases,-1
https://nextjs.org/docs/13/pages/building-your-application/configuring/amp,-1
https://nextjs.org/docs/13/pages/building-your-application/configuring/babel,-1
https://nextjs.org/docs/13/pages/building-your-application/configuring/content-security-policy,-1
https://nextjs.org/docs/13/pages/building-your-application/configuring/custom-server,-1
https://nextjs.org/docs/13/pages/building-your-application/configuring/debugging,-1
https://nextjs.org/docs/13/pages/building-your-application/configuring/draft-mode,-1
https://nextjs.org/docs/13/pages/building-your-application/configuring/environment-variables,-1
https://nextjs.org/docs/13/pages/building-your-application/configuring/error-handling,-1
https://nextjs.org/docs/13/pages/building-your-application/configuring/eslint,-1
https://nextjs.org/docs/13/pages/building-your-application/configuring/mdx,-1
https://nextjs.org/docs/13/pages/building-your-application/configuring/post-css,-1
https://nextjs.org/docs/13/pages/building-your-application/configuring/preview-mode,-1
https://nextjs.org/docs/13/pages/building-your-application/configuring/src-directory,-1
https://nextjs.org/docs/13/pages/building-your-application/configuring/typescript,-1
https://nextjs.org/docs/13/pages/building-your-application/data-fetching,-1
https://nextjs.org/docs/13/pages/building-your-application/data-fetching/client-side,-1
https://nextjs.org/docs/13/pages/building-your-application/data-fetching/forms-and-mutations,-1
https://nextjs.org/docs/13/pages/building-your-application/data-fetching/get-server-side-props,-1
https://nextjs.org/docs/13/pages/building-your-application/data-fetching/get-static-paths,-1
https://nextjs.org/docs/13/pages/building-your-application/data-fetching/get-static-props,-1
https://nextjs.org/docs/13/pages/building-your-application/data-fetching/incremental-static-regeneration,-1
https://nextjs.org/docs/13/pages/building-your-application/deploying,-1
https://nextjs.org/docs/13/pages/building-your-application/deploying/ci-build-caching,-1
https://nextjs.org/docs/13/pages/building-your-application/deploying/multi-zones,-1
https://nextjs.org/docs/13/pages/building-your-application/deploying/production-checklist,-1
https://nextjs.org/docs/13/pages/building-your-application/deploying/static-exports,-1
https://nextjs.org/docs/13/pages/building-your-application/optimizing,-1
https://nextjs.org/docs/13/pages/building-your-application/optimizing/analytics,-1
https://nextjs.org/docs/13/pages/building-your-application/optimizing/fonts,-1
https://nextjs.org/docs/13/pages/building-your-application/optimizing/images,-1
https://nextjs.org/docs/13/pages/building-your-application/optimizing/instrumentation,-1
https://nextjs.org/docs/13/pages/building-your-application/optimizing/lazy-loading,-1
https://nextjs.org/docs/13/pages/building-your-application/optimizing/open-telemetry,-1
https://nextjs.org/docs/13/pages/building-your-application/optimizing/scripts,-1
https://nextjs.org/docs/13/pages/building-your-application/optimizing/static-assets,-1
https://nextjs.org/docs/13/pages/building-your-application/optimizing/testing,-1
https://nextjs.org/docs/13/pages/building-your-application/rendering,-1
https://nextjs.org/docs/13/pages/building-your-application/rendering/automatic-static-optimization,-1
https://nextjs.org/docs/13/pages/building-your-application/rendering/client-side-rendering,-1
https://nextjs.org/docs/13/pages/building-your-application/rendering/edge-and-nodejs-runtimes,-1
https://nextjs.org/docs/13/pages/building-your-application/rendering/incremental-static-regeneration,-1
https://nextjs.org/docs/13/pages/building-your-application/rendering/server-side-rendering,-1
https://nextjs.org/docs/13/pages/building-your-application/rendering/static-site-generation,-1
https://nextjs.org/docs/13/pages/building-your-application/routing,-1
https://nextjs.org/docs/13/pages/building-your-application/routing/api-routes,-1
https://nextjs.org/docs/13/pages/building-your-application/routing/authenticating,-1
https://nextjs.org/docs/13/pages/building-your-application/routing/custom-app,-1
https://nextjs.org/docs/13/pages/building-your-application/routing/custom-document,-1
https://nextjs.org/docs/13/pages/building-your-application/routing/custom-error,-1
https://nextjs.org/docs/13/pages/building-your-application/routing/dynamic-routes,-1
https://nextjs.org/docs/13/pages/building-your-application/routing/internationalization,-1
https://nextjs.org/docs/13/pages/building-your-application/routing/linking-and-navigating,-1
https://nextjs.org/docs/13/pages/building-your-application/routing/middleware,-1
https://nextjs.org/docs/13/pages/building-your-application/routing/pages-and-layouts,-1
https://nextjs.org/docs/13/pages/building-your-application/styling,-1
https://nextjs.org/docs/13/pages/building-your-application/styling/css-in-js,-1
https://nextjs.org/docs/13/pages/building-your-application/styling/css-modules,-1
https://nextjs.org/docs/13/pages/building-your-application/styling/sass,-1
https://nextjs.org/docs/13/pages/building-your-application/styling/tailwind-css,-1
https://nextjs.org/docs/13/pages/building-your-application/upgrading,-1
https://nextjs.org/docs/13/pages/building-your-application/upgrading/app-router-migration,-1
https://nextjs.org/docs/13/pages/building-your-application/upgrading/codemods,-1
https://nextjs.org/docs/13/pages/building-your-application/upgrading/version-10,-1
https://nextjs.org/docs/13/pages/building-your-application/upgrading/version-11,-1
https://nextjs.org/docs/13/pages/building-your-application/upgrading/version-12,-1
https://nextjs.org/docs/13/pages/building-your-application/upgrading/version-13,-1
https://nextjs.org/docs/13/pages/building-your-application/upgrading/version-9,-1
https://nextjs.org/docs/14,-1
https://nextjs.org/docs/14/app,-1
https://nextjs.org/docs/14/app/api-reference,-1
https://nextjs.org/docs/14/app/api-reference/cli,-1
https://nextjs.org/docs/14/app/api-reference/cli/create-next-app,-1
https://nextjs.org/docs/14/app/api-reference/cli/next,-1
https://nextjs.org/docs/14/app/api-reference/cli/next-info-options,-1
https://nextjs.org/docs/14/app/api-reference/cli/next-lint-options,-1
https://nextjs.org/docs/14/app/api-reference/cli/next-telemetry-options,-1
https://nextjs.org/docs/14/app/api-reference/components,-1
https://nextjs.org/docs/14/app/api-reference/components/font,-1
https://nextjs.org/docs/14/app/api-reference/components/image,-1
https://nextjs.org/docs/14/app/api-reference/components/link,-1
https://nextjs.org/docs/14/app/api-reference/components/script,-1
https://nextjs.org/docs/14/app/api-reference/edge,-1
https://nextjs.org/docs/14/app/api-reference/file-conventions,-1
https://nextjs.org/docs/14/app/api-reference/file-conventions/default,-1
https://nextjs.org/docs/14/app/api-reference/file-conventions/error,-1
https://nextjs.org/docs/14/app/api-reference/file-conventions/instrumentation,-1
https://nextjs.org/docs/14/app/api-reference/file-conventions/layout,-1
https://nextjs.org/docs/14/app/api-reference/file-conventions/loading,-1
https://nextjs.org/docs/14/app/api-reference/file-conventions/metadata,-1
https://nextjs.org/docs/14/app/api-reference/file-conventions/metadata/app-icons,-1
https://nextjs.org/docs/14/app/api-reference/file-conventions/metadata/manifest,-1
https://nextjs.org/docs/14/app/api-reference/file-conventions/metadata/opengraph-image,-1
https://nextjs.org/docs/14/app/api-reference/file-conventions/metadata/robots,-1
https://nextjs.org/docs/14/app/api-reference/file-conventions/metadata/sitemap,-1
https://nextjs.org/docs/14/app/api-reference/file-conventions/middleware,-1
https://nextjs.org/docs/14/app/api-reference/file-conventions/not-found,-1
https://nextjs.org/docs/14/app/api-reference/file-conventions/page,-1
https://nextjs.org/docs/14/app/api-reference/file-conventions/route,-1
https://nextjs.org/docs/14/app/api-reference/file-conventions/route-segment-config,-1
https://nextjs.org/docs/14/app/api-reference/file-conventions/template,-1
https://nextjs.org/docs/14/app/api-reference/functions,-1
https://nextjs.org/docs/14/app/api-reference/functions/cookies,-1
https://nextjs.org/docs/14/app/api-reference/functions/draft-mode,-1
https://nextjs.org/docs/14/app/api-reference/functions/fetch,-1
https://nextjs.org/docs/14/app/api-reference/functions/generate-image-metadata,-1
https://nextjs.org/docs/14/app/api-reference/functions/generate-metadata,-1
https://nextjs.org/docs/14/app/api-reference/functions/generate-sitemaps,-1
https://nextjs.org/docs/14/app/api-reference/functions/generate-static-params,-1
https://nextjs.org/docs/14/app/api-reference/functions/generate-viewport,-1
https://nextjs.org/docs/14/app/api-reference/functions/headers,-1
https://nextjs.org/docs/14/app/api-reference/functions/image-response,-1
https://nextjs.org/docs/14/app/api-reference/functions/next-request,-1
https://nextjs.org/docs/14/app/api-reference/functions/next-response,-1
https://nextjs.org/docs/14/app/api-reference/functions/not-found,-1
https://nextjs.org/docs/14/app/api-reference/functions/permanentRedirect,-1
https://nextjs.org/docs/14/app/api-reference/functions/redirect,-1
https://nextjs.org/docs/14/app/api-reference/functions/revalidatePath,-1
https://nextjs.org/docs/14/app/api-reference/functions/revalidateTag,-1
https://nextjs.org/docs/14/app/api-reference/functions/unstable_cache,-1
https://nextjs.org/docs/14/app/api-reference/functions/unstable_noStore,-1
https://nextjs.org/docs/14/app/api-reference/functions/use-params,-1
https://nextjs.org/docs/14/app/api-reference/functions/use-pathname,-1
https://nextjs.org/docs/14/app/api-reference/functions/userAgent,-1
https://nextjs.org/docs/14/app/api-reference/functions/use-report-web-vitals,-1
https://nextjs.org/docs/14/app/api-reference/functions/use-router,-1
https://nextjs.org/docs/14/app/api-reference/functions/use-search-params,-1
https://nextjs.org/docs/14/app/api-reference/functions/use-selected-layout-segment,-1
https://nextjs.org/docs/14/app/api-reference/functions/use-selected-layout-segments,-1
https://nextjs.org/docs/14/app/api-reference/next-config-js,-1
https://nextjs.org/docs/14/app/api-reference/next-config-js/appDir,-1
https://nextjs.org/docs/14/app/api-reference/next-config-js/assetPrefix,-1
https://nextjs.org/docs/14/app/api-reference/next-config-js/basePath,-1
https://nextjs.org/docs/14/app/api-reference/next-config-js/compress,-1
https://nextjs.org/docs/14/app/api-reference/next-config-js/crossOrigin,-1
https://nextjs.org/docs/14/app/api-reference/next-config-js/devIndicators,-1
https://nextjs.org/docs/14/app/api-reference/next-config-js/distDir,-1
https://nextjs.org/docs/14/app/api-reference/next-config-js/env,-1
https://nextjs.org/docs/14/app/api-reference/next-config-js/eslint,-1
https://nextjs.org/docs/14/app/api-reference/next-config-js/exportPathMap,-1
https://nextjs.org/docs/14/app/api-reference/next-config-js/generateBuildId,-1
https://nextjs.org/docs/14/app/api-reference/next-config-js/generateEtags,-1
https://nextjs.org/docs/14/app/api-reference/next-config-js/headers,-1
https://nextjs.org/docs/14/app/api-reference/next-config-js/httpAgentOptions,-1
https://nextjs.org/docs/14/app/api-reference/next-config-js/images,-1
https://nextjs.org/docs/14/app/api-reference/next-config-js/incrementalCacheHandlerPath,-1
https://nextjs.org/docs/14/app/api-reference/next-config-js/instrumentationHook,-1
https://nextjs.org/docs/14/app/api-reference/next-config-js/logging,-1
https://nextjs.org/docs/14/app/api-reference/next-config-js/mdxRs,-1
https://nextjs.org/docs/14/app/api-reference/next-config-js/onDemandEntries,-1
https://nextjs.org/docs/14/app/api-reference/next-config-js/optimizePackageImports,-1
https://nextjs.org/docs/14/app/api-reference/next-config-js/output,-1
https://nextjs.org/docs/14/app/api-reference/next-config-js/pageExtensions,-1
https://nextjs.org/docs/14/app/api-reference/next-config-js/partial-prerendering,-1
https://nextjs.org/docs/14/app/api-reference/next-config-js/poweredByHeader,-1
https://nextjs.org/docs/14/app/api-reference/next-config-js/productionBrowserSourceMaps,-1
https://nextjs.org/docs/14/app/api-reference/next-config-js/reactStrictMode,-1
https://nextjs.org/docs/14/app/api-reference/next-config-js/redirects,-1
https://nextjs.org/docs/14/app/api-reference/next-config-js/rewrites,-1
https://nextjs.org/docs/14/app/api-reference/next-config-js/serverActions,-1
https://nextjs.org/docs/14/app/api-reference/next-config-js/serverComponentsExternalPackages,-1
https://nextjs.org/docs/14/app/api-reference/next-config-js/staleTimes,-1
https://nextjs.org/docs/14/app/api-reference/next-config-js/trailingSlash,-1
https://nextjs.org/docs/14/app/api-reference/next-config-js/transpilePackages,-1
https://nextjs.org/docs/14/app/api-reference/next-config-js/turbo,-1
https://nextjs.org/docs/14/app/api-reference/next-config-js/typedRoutes,-1
https://nextjs.org/docs/14/app/api-reference/next-config-js/typescript,-1
https://nextjs.org/docs/14/app/api-reference/next-config-js/urlImports,-1
https://nextjs.org/docs/14/app/api-reference/next-config-js/webpack,-1
https://nextjs.org/docs/14/app/api-reference/next-config-js/webVitalsAttribution,-1
https://nextjs.org/docs/14/app/building-your-application,-1
https://nextjs.org/docs/14/app/building-your-application/authentication,-1
https://nextjs.org/docs/14/app/building-your-application/caching,-1
https://nextjs.org/docs/14/app/building-your-application/configuring,-1
https://nextjs.org/docs/14/app/building-your-application/configuring/absolute-imports-and-module-aliases,-1
https://nextjs.org/docs/14/app/building-your-application/configuring/content-security-policy,-1
https://nextjs.org/docs/14/app/building-your-application/configuring/draft-mode,-1
https://nextjs.org/docs/14/app/building-your-application/configuring/environment-variables,-1
https://nextjs.org/docs/14/app/building-your-application/configuring/eslint,-1
https://nextjs.org/docs/14/app/building-your-application/configuring/mdx,-1
https://nextjs.org/docs/14/app/building-your-application/configuring/src-directory,-1
https://nextjs.org/docs/14/app/building-your-application/configuring/typescript,-1
https://nextjs.org/docs/14/app/building-your-application/data-fetching,-1
https://nextjs.org/docs/14/app/building-your-application/data-fetching/fetching-caching-and-revalidating,-1
https://nextjs.org/docs/14/app/building-your-application/data-fetching/patterns,-1
https://nextjs.org/docs/14/app/building-your-application/data-fetching/server-actions-and-mutations,-1
https://nextjs.org/docs/14/app/building-your-application/deploying,-1
https://nextjs.org/docs/14/app/building-your-application/deploying/multi-zones,-1
https://nextjs.org/docs/14/app/building-your-application/deploying/production-checklist,-1
https://nextjs.org/docs/14/app/building-your-application/deploying/static-exports,-1
https://nextjs.org/docs/14/app/building-your-application/optimizing,-1
https://nextjs.org/docs/14/app/building-your-application/optimizing/analytics,-1
https://nextjs.org/docs/14/app/building-your-application/optimizing/bundle-analyzer,-1
https://nextjs.org/docs/14/app/building-your-application/optimizing/fonts,-1
https://nextjs.org/docs/14/app/building-your-application/optimizing/images,-1
https://nextjs.org/docs/14/app/building-your-application/optimizing/instrumentation,-1
https://nextjs.org/docs/14/app/building-your-application/optimizing/lazy-loading,-1
https://nextjs.org/docs/14/app/building-your-application/optimizing/memory-usage,-1
https://nextjs.org/docs/14/app/building-your-application/optimizing/metadata,-1
https://nextjs.org/docs/14/app/building-your-application/optimizing/open-telemetry,-1
https://nextjs.org/docs/14/app/building-your-application/optimizing/package-bundling,-1
https://nextjs.org/docs/14/app/building-your-application/optimizing/scripts,-1
https://nextjs.org/docs/14/app/building-your-application/optimizing/static-assets,-1
https://nextjs.org/docs/14/app/building-your-application/optimizing/third-party-libraries,-1
https://nextjs.org/docs/14/app/building-your-application/optimizing/videos,-1
https://nextjs.org/docs/14/app/building-your-application/rendering,-1
https://nextjs.org/docs/14/app/building-your-application/rendering/client-components,-1
https://nextjs.org/docs/14/app/building-your-application/rendering/composition-patterns,-1
https://nextjs.org/docs/14/app/building-your-application/rendering/edge-and-nodejs-runtimes,-1
https://nextjs.org/docs/14/app/building-your-application/rendering/server-components,-1
https://nextjs.org/docs/14/app/building-your-application/routing,-1
https://nextjs.org/docs/14/app/building-your-application/routing/colocation,-1
https://nextjs.org/docs/14/app/building-your-application/routing/defining-routes,-1
https://nextjs.org/docs/14/app/building-your-application/routing/dynamic-routes,-1
https://nextjs.org/docs/14/app/building-your-application/routing/error-handling,-1
https://nextjs.org/docs/14/app/building-your-application/routing/intercepting-routes,-1
https://nextjs.org/docs/14/app/building-your-application/routing/internationalization,-1
https://nextjs.org/docs/14/app/building-your-application/routing/linking-and-navigating,-1
https://nextjs.org/docs/14/app/building-your-application/routing/loading-ui-and-streaming,-1
https://nextjs.org/docs/14/app/building-your-application/routing/middleware,-1
https://nextjs.org/docs/14/app/building-your-application/routing/pages-and-layouts,-1
https://nextjs.org/docs/14/app/building-your-application/routing/parallel-routes,-1
https://nextjs.org/docs/14/app/building-your-application/routing/redirecting,-1
https://nextjs.org/docs/14/app/building-your-application/routing/route-groups,-1
https://nextjs.org/docs/14/app/building-your-application/routing/route-handlers,-1
https://nextjs.org/docs/14/app/building-your-application/styling,-1
https://nextjs.org/docs/14/app/building-your-application/styling/css-in-js,-1
https://nextjs.org/docs/14/app/building-your-application/styling/css-modules,-1
https://nextjs.org/docs/14/app/building-your-application/styling/sass,-1
https://nextjs.org/docs/14/app/building-your-application/styling/tailwind-css,-1
https://nextjs.org/docs/14/app/building-your-application/testing,-1
https://nextjs.org/docs/14/app/building-your-application/testing/cypress,-1
https://nextjs.org/docs/14/app/building-your-application/testing/jest,-1
https://nextjs.org/docs/14/app/building-your-application/testing/playwright,-1
https://nextjs.org/docs/14/app/building-your-application/testing/vitest,-1
https://nextjs.org/docs/14/app/building-your-application/upgrading,-1
https://nextjs.org/docs/14/app/building-your-application/upgrading/app-router-migration,-1
https://nextjs.org/docs/14/app/building-your-application/upgrading/codemods,-1
https://nextjs.org/docs/14/app/building-your-application/upgrading/from-create-react-app,-1
https://nextjs.org/docs/14/app/building-your-application/upgrading/from-vite,-1
https://nextjs.org/docs/14/app/building-your-application/upgrading/version-14,-1
https://nextjs.org/docs/14/architecture,-1
https://nextjs.org/docs/14/architecture/accessibility,-1
https://nextjs.org/docs/14/architecture/docs/14/architecture/nextjs-compiler,-1
https://nextjs.org/docs/14/architecture/fast-refresh,-1
https://nextjs.org/docs/14/architecture/nextjs-compiler,-1
https://nextjs.org/docs/14/architecture/supported-browsers,-1
https://nextjs.org/docs/14/architecture/turbopack,-1
https://nextjs.org/docs/14/community,-1
https://nextjs.org/docs/14/community/contribution-guide,-1
https://nextjs.org/docs/14/getting-started,-1
https://nextjs.org/docs/14/getting-started/installation,-1
https://nextjs.org/docs/14/getting-started/project-structure,-1
https://nextjs.org/docs/14/messages/app-container-deprecated,-1
https://nextjs.org/docs/14/messages/conflicting-public-file-page,-1
https://nextjs.org/docs/14/messages/google-font-display,-1
https://nextjs.org/docs/14/messages/google-font-preconnect,-1
https://nextjs.org/docs/14/messages/inline-script-id,-1
https://nextjs.org/docs/14/messages/middleware-upgrade-guide,-1
https://nextjs.org/docs/14/messages/next-dynamic-modules,-1
https://nextjs.org/docs/14/messages/next-script-for-ga,-1
https://nextjs.org/docs/14/messages/no-assign-module-variable,-1
https://nextjs.org/docs/14/messages/no-async-client-component,-1
https://nextjs.org/docs/14/messages/no-before-interactive-script-outside-document,-1
https://nextjs.org/docs/14/messages/no-cache,-1
https://nextjs.org/docs/14/messages/no-css-tags,-1
https://nextjs.org/docs/14/messages/no-document-import-in-page,-1
https://nextjs.org/docs/14/messages/no-duplicate-head,-1
https://nextjs.org/docs/14/messages/no-head-element,-1
https://nextjs.org/docs/14/messages/no-head-import-in-document,-1
https://nextjs.org/docs/14/messages/no-html-link-for-pages,-1
https://nextjs.org/docs/14/messages/no-img-element,-1
https://nextjs.org/docs/14/messages/no-page-custom-font,-1
https://nextjs.org/docs/14/messages/no-script-component-in-head,-1
https://nextjs.org/docs/14/messages/no-styled-jsx-in-document,-1
https://nextjs.org/docs/14/messages/no-sync-scripts,-1
https://nextjs.org/docs/14/messages/no-title-in-document-head,-1
https://nextjs.org/docs/14/messages/no-unwanted-polyfillio,-1
https://nextjs.org/docs/14/messages/url-deprecated,-1
https://nextjs.org/docs/14/messages/webpack5,-1
https://nextjs.org/docs/14/pages,-1
https://nextjs.org/docs/14/pages/api-reference,-1
https://nextjs.org/docs/14/pages/api-reference/cli,-1
https://nextjs.org/docs/14/pages/api-reference/cli/create-next-app,-1
https://nextjs.org/docs/14/pages/api-reference/cli/next,-1
https://nextjs.org/docs/14/pages/api-reference/cli/next-info-options,-1
https://nextjs.org/docs/14/pages/api-reference/cli/next-lint-options,-1
https://nextjs.org/docs/14/pages/api-reference/cli/next-telemetry-options,-1
https://nextjs.org/docs/14/pages/api-reference/components,-1
https://nextjs.org/docs/14/pages/api-reference/components/font,-1
https://nextjs.org/docs/14/pages/api-reference/components/head,-1
https://nextjs.org/docs/14/pages/api-reference/components/image,-1
https://nextjs.org/docs/14/pages/api-reference/components/image-legacy,-1
https://nextjs.org/docs/14/pages/api-reference/components/link,-1
https://nextjs.org/docs/14/pages/api-reference/components/script,-1
https://nextjs.org/docs/14/pages/api-reference/edge,-1
https://nextjs.org/docs/14/pages/api-reference/functions,-1
https://nextjs.org/docs/14/pages/api-reference/functions/get-initial-props,-1
https://nextjs.org/docs/14/pages/api-reference/functions/get-server-side-props,-1
https://nextjs.org/docs/14/pages/api-reference/functions/get-static-paths,-1
https://nextjs.org/docs/14/pages/api-reference/functions/get-static-props,-1
https://nextjs.org/docs/14/pages/api-reference/functions/next-request,-1
https://nextjs.org/docs/14/pages/api-reference/functions/next-response,-1
https://nextjs.org/docs/14/pages/api-reference/functions/use-amp,-1
https://nextjs.org/docs/14/pages/api-reference/functions/userAgent,-1
https://nextjs.org/docs/14/pages/api-reference/functions/use-report-web-vitals,-1
https://nextjs.org/docs/14/pages/api-reference/functions/use-router,-1
https://nextjs.org/docs/14/pages/api-reference/next-config-js,-1
https://nextjs.org/docs/14/pages/api-reference/next-config-js/assetPrefix,-1
https://nextjs.org/docs/14/pages/api-reference/next-config-js/basePath,-1
https://nextjs.org/docs/14/pages/api-reference/next-config-js/compress,-1
https://nextjs.org/docs/14/pages/api-reference/next-config-js/crossOrigin,-1
https://nextjs.org/docs/14/pages/api-reference/next-config-js/devIndicators,-1
https://nextjs.org/docs/14/pages/api-reference/next-config-js/distDir,-1
https://nextjs.org/docs/14/pages/api-reference/next-config-js/env,-1
https://nextjs.org/docs/14/pages/api-reference/next-config-js/eslint,-1
https://nextjs.org/docs/14/pages/api-reference/next-config-js/exportPathMap,-1
https://nextjs.org/docs/14/pages/api-reference/next-config-js/generateBuildId,-1
https://nextjs.org/docs/14/pages/api-reference/next-config-js/generateEtags,-1
https://nextjs.org/docs/14/pages/api-reference/next-config-js/headers,-1
https://nextjs.org/docs/14/pages/api-reference/next-config-js/httpAgentOptions,-1
https://nextjs.org/docs/14/pages/api-reference/next-config-js/images,-1
https://nextjs.org/docs/14/pages/api-reference/next-config-js/instrumentationHook,-1
https://nextjs.org/docs/14/pages/api-reference/next-config-js/onDemandEntries,-1
https://nextjs.org/docs/14/pages/api-reference/next-config-js/optimizePackageImports,-1
https://nextjs.org/docs/14/pages/api-reference/next-config-js/output,-1
https://nextjs.org/docs/14/pages/api-reference/next-config-js/pageExtensions,-1
https://nextjs.org/docs/14/pages/api-reference/next-config-js/poweredByHeader,-1
https://nextjs.org/docs/14/pages/api-reference/next-config-js/productionBrowserSourceMaps,-1
https://nextjs.org/docs/14/pages/api-reference/next-config-js/reactStrictMode,-1
https://nextjs.org/docs/14/pages/api-reference/next-config-js/redirects,-1
https://nextjs.org/docs/14/pages/api-reference/next-config-js/rewrites,-1
https://nextjs.org/docs/14/pages/api-reference/next-config-js/runtime-configuration,-1
https://nextjs.org/docs/14/pages/api-reference/next-config-js/trailingSlash,-1
https://nextjs.org/docs/14/pages/api-reference/next-config-js/transpilePackages,-1
https://nextjs.org/docs/14/pages/api-reference/next-config-js/turbo,-1
https://nextjs.org/docs/14/pages/api-reference/next-config-js/typescript,-1
https://nextjs.org/docs/14/pages/api-reference/next-config-js/urlImports,-1
https://nextjs.org/docs/14/pages/api-reference/next-config-js/webpack,-1
https://nextjs.org/docs/14/pages/api-reference/next-config-js/webVitalsAttribution,-1
https://nextjs.org/docs/14/pages/building-your-application,-1
https://nextjs.org/docs/14/pages/building-your-application/authentication,-1
https://nextjs.org/docs/14/pages/building-your-application/configuring,-1
https://nextjs.org/docs/14/pages/building-your-application/configuring/absolute-imports-and-module-aliases,-1
https://nextjs.org/docs/14/pages/building-your-application/configuring/amp,-1
https://nextjs.org/docs/14/pages/building-your-application/configuring/babel,-1
https://nextjs.org/docs/14/pages/building-your-application/configuring/content-security-policy,-1
https://nextjs.org/docs/14/pages/building-your-application/configuring/custom-server,-1
https://nextjs.org/docs/14/pages/building-your-application/configuring/debugging,-1
https://nextjs.org/docs/14/pages/building-your-application/configuring/draft-mode,-1
https://nextjs.org/docs/14/pages/building-your-application/configuring/environment-variables,-1
https://nextjs.org/docs/14/pages/building-your-application/configuring/error-handling,-1
https://nextjs.org/docs/14/pages/building-your-application/configuring/eslint,-1
https://nextjs.org/docs/14/pages/building-your-application/configuring/mdx,-1
https://nextjs.org/docs/14/pages/building-your-application/configuring/post-css,-1
https://nextjs.org/docs/14/pages/building-your-application/configuring/preview-mode,-1
https://nextjs.org/docs/14/pages/building-your-application/configuring/src-directory,-1
https://nextjs.org/docs/14/pages/building-your-application/configuring/typescript,-1
https://nextjs.org/docs/14/pages/building-your-application/data-fetching,-1
https://nextjs.org/docs/14/pages/building-your-application/data-fetching/client-side,-1
https://nextjs.org/docs/14/pages/building-your-application/data-fetching/forms-and-mutations,-1
https://nextjs.org/docs/14/pages/building-your-application/data-fetching/get-server-side-props,-1
https://nextjs.org/docs/14/pages/building-your-application/data-fetching/get-static-paths,-1
https://nextjs.org/docs/14/pages/building-your-application/data-fetching/get-static-props,-1
https://nextjs.org/docs/14/pages/building-your-application/data-fetching/incremental-static-regeneration,-1
https://nextjs.org/docs/14/pages/building-your-application/deploying,-1
https://nextjs.org/docs/14/pages/building-your-application/deploying/ci-build-caching,-1
https://nextjs.org/docs/14/pages/building-your-application/deploying/multi-zones,-1
https://nextjs.org/docs/14/pages/building-your-application/deploying/production-checklist,-1
https://nextjs.org/docs/14/pages/building-your-application/deploying/static-exports,-1
https://nextjs.org/docs/14/pages/building-your-application/optimizing,-1
https://nextjs.org/docs/14/pages/building-your-application/optimizing/analytics,-1
https://nextjs.org/docs/14/pages/building-your-application/optimizing/bundle-analyzer,-1
https://nextjs.org/docs/14/pages/building-your-application/optimizing/fonts,-1
https://nextjs.org/docs/14/pages/building-your-application/optimizing/images,-1
https://nextjs.org/docs/14/pages/building-your-application/optimizing/instrumentation,-1
https://nextjs.org/docs/14/pages/building-your-application/optimizing/lazy-loading,-1
https://nextjs.org/docs/14/pages/building-your-application/optimizing/open-telemetry,-1
https://nextjs.org/docs/14/pages/building-your-application/optimizing/scripts,-1
https://nextjs.org/docs/14/pages/building-your-application/optimizing/static-assets,-1
https://nextjs.org/docs/14/pages/building-your-application/optimizing/third-party-libraries,-1
https://nextjs.org/docs/14/pages/building-your-application/rendering,-1
https://nextjs.org/docs/14/pages/building-your-application/rendering/automatic-static-optimization,-1
https://nextjs.org/docs/14/pages/building-your-application/rendering/client-side-rendering,-1
https://nextjs.org/docs/14/pages/building-your-application/rendering/edge-and-nodejs-runtimes,-1
https://nextjs.org/docs/14/pages/building-your-application/rendering/server-side-rendering,-1
https://nextjs.org/docs/14/pages/building-your-application/rendering/static-site-generation,-1
https://nextjs.org/docs/14/pages/building-your-application/routing,-1
https://nextjs.org/docs/14/pages/building-your-application/routing/api-routes,-1
https://nextjs.org/docs/14/pages/building-your-application/routing/custom-app,-1
https://nextjs.org/docs/14/pages/building-your-application/routing/custom-document,-1
https://nextjs.org/docs/14/pages/building-your-application/routing/custom-error,-1
https://nextjs.org/docs/14/pages/building-your-application/routing/dynamic-routes,-1
https://nextjs.org/docs/14/pages/building-your-application/routing/internationalization,-1
https://nextjs.org/docs/14/pages/building-your-application/routing/linking-and-navigating,-1
https://nextjs.org/docs/14/pages/building-your-application/routing/middleware,-1
https://nextjs.org/docs/14/pages/building-your-application/routing/pages-and-layouts,-1
https://nextjs.org/docs/14/pages/building-your-application/routing/redirecting,-1
https://nextjs.org/docs/14/pages/building-your-application/styling,-1
https://nextjs.org/docs/14/pages/building-your-application/styling/css-in-js,-1
https://nextjs.org/docs/14/pages/building-your-application/styling/css-modules,-1
https://nextjs.org/docs/14/pages/building-your-application/styling/sass,-1
https://nextjs.org/docs/14/pages/building-your-application/styling/tailwind-css,-1
https://nextjs.org/docs/14/pages/building-your-application/testing,-1
https://nextjs.org/docs/14/pages/building-your-application/testing/cypress,-1
https://nextjs.org/docs/14/pages/building-your-application/testing/jest,-1
https://nextjs.org/docs/14/pages/building-your-application/testing/playwright,-1
https://nextjs.org/docs/14/pages/building-your-application/testing/vitest,-1
https://nextjs.org/docs/14/pages/building-your-application/upgrading,-1
https://nextjs.org/docs/14/pages/building-your-application/upgrading/app-router-migration,-1
https://nextjs.org/docs/14/pages/building-your-application/upgrading/codemods,-1
https://nextjs.org/docs/14/pages/building-your-application/upgrading/from-create-react-app,-1
https://nextjs.org/docs/14/pages/building-your-application/upgrading/from-vite,-1
https://nextjs.org/docs/14/pages/building-your-application/upgrading/version-10,-1
https://nextjs.org/docs/14/pages/building-your-application/upgrading/version-11,-1
https://nextjs.org/docs/14/pages/building-your-application/upgrading/version-12,-1
https://nextjs.org/docs/14/pages/building-your-application/upgrading/version-13,-1
https://nextjs.org/docs/14/pages/building-your-application/upgrading/version-14,-1
https://nextjs.org/docs/14/pages/building-your-application/upgrading/version-9,-1
https://nextjs.org/docs/accessibility,-1
https://nextjs.org/docs/advanced-features/custom-app,-1
https://nextjs.org/docs/advanced-features/custom-document,-1
https://nextjs.org/docs/advanced-features/custom-error-page,-1
https://nextjs.org/docs/advanced-features/customizing-postcss-config,-1
https://nextjs.org/docs/advanced-features/preview-mode,-1
https://nextjs.org/docs/api-reference/create-next-app,-1
https://nextjs.org/docs/api-reference/data-fetching/get-static-paths,-1
https://nextjs.org/docs/api-reference/next/head,-1
https://nextjs.org/docs/api-reference/next/image,-1
https://nextjs.org/docs/api-reference/next/link,-1
https://nextjs.org/docs/api-reference/next/router,-1
https://nextjs.org/docs/api-reference/next/script,-1
https://nextjs.org/docs/api-routes/api-middlewares,-1
https://nextjs.org/docs/api-routes/dynamic-api-routes,-1
https://nextjs.org/docs/api-routes/introduction,-1
https://nextjs.org/docs/api-routes/response-helpers,-1
https://nextjs.org/docs/app,-1
https://nextjs.org/docs/app/api-reference,-1
https://nextjs.org/docs/app/api-reference/cli,-1
https://nextjs.org/docs/app/api-reference/cli/create-next-app,-1
https://nextjs.org/docs/app/api-reference/cli/next,-1
https://nextjs.org/docs/app/api-reference/components,-1
https://nextjs.org/docs/app/api-reference/components/font,-1
https://nextjs.org/docs/app/api-reference/components/form,-1
https://nextjs.org/docs/app/api-reference/components/image,-1
https://nextjs.org/docs/app/api-reference/components/link,-1
https://nextjs.org/docs/app/api-reference/components/script,-1
https://nextjs.org/docs/app/api-reference/config,-1
https://nextjs.org/docs/app/api-reference/config/eslint,-1
https://nextjs.org/docs/app/api-reference/config/next-config-js,-1
https://nextjs.org/docs/app/api-reference/config/next-config-js/,-1
https://nextjs.org/docs/app/api-reference/config/next-config-js/appDir,-1
https://nextjs.org/docs/app/api-reference/config/next-config-js/assetPrefix,-1
https://nextjs.org/docs/app/api-reference/config/next-config-js/authInterrupts,-1
https://nextjs.org/docs/app/api-reference/config/next-config-js/basePath,-1
https://nextjs.org/docs/app/api-reference/config/next-config-js/cacheLife,-1
https://nextjs.org/docs/app/api-reference/config/next-config-js/compress,-1
https://nextjs.org/docs/app/api-reference/config/next-config-js/crossOrigin,-1
https://nextjs.org/docs/app/api-reference/config/next-config-js/cssChunking,-1
https://nextjs.org/docs/app/api-reference/config/next-config-js/devIndicators,-1
https://nextjs.org/docs/app/api-reference/config/next-config-js/distDir,-1
https://nextjs.org/docs/app/api-reference/config/next-config-js/dynamicIO,-1
https://nextjs.org/docs/app/api-reference/config/next-config-js/env,-1
https://nextjs.org/docs/app/api-reference/config/next-config-js/eslint,-1
https://nextjs.org/docs/app/api-reference/config/next-config-js/expireTime,-1
https://nextjs.org/docs/app/api-reference/config/next-config-js/exportPathMap,-1
https://nextjs.org/docs/app/api-reference/config/next-config-js/generateBuildId,-1
https://nextjs.org/docs/app/api-reference/config/next-config-js/generateEtags,-1
https://nextjs.org/docs/app/api-reference/config/next-config-js/headers,-1
https://nextjs.org/docs/app/api-reference/config/next-config-js/httpAgentOptions,-1
https://nextjs.org/docs/app/api-reference/config/next-config-js/images,-1
https://nextjs.org/docs/app/api-reference/config/next-config-js/incrementalCacheHandlerPath,-1
https://nextjs.org/docs/app/api-reference/config/next-config-js/inlineCss,-1
https://nextjs.org/docs/app/api-reference/config/next-config-js/instrumentationHook,-1
https://nextjs.org/docs/app/api-reference/config/next-config-js/logging,-1
https://nextjs.org/docs/app/api-reference/config/next-config-js/mdxRs,-1
https://nextjs.org/docs/app/api-reference/config/next-config-js/onDemandEntries,-1
https://nextjs.org/docs/app/api-reference/config/next-config-js/optimizePackageImports,-1
https://nextjs.org/docs/app/api-reference/config/next-config-js/output,-1
https://nextjs.org/docs/app/api-reference/config/next-config-js/pageExtensions,-1
https://nextjs.org/docs/app/api-reference/config/next-config-js/poweredByHeader,-1
https://nextjs.org/docs/app/api-reference/config/next-config-js/ppr,-1
https://nextjs.org/docs/app/api-reference/config/next-config-js/productionBrowserSourceMaps,-1
https://nextjs.org/docs/app/api-reference/config/next-config-js/reactCompiler,-1
https://nextjs.org/docs/app/api-reference/config/next-config-js/reactMaxHeadersLength,-1
https://nextjs.org/docs/app/api-reference/config/next-config-js/reactStrictMode,-1
https://nextjs.org/docs/app/api-reference/config/next-config-js/redirects,-1
https://nextjs.org/docs/app/api-reference/config/next-config-js/rewrites,-1
https://nextjs.org/docs/app/api-reference/config/next-config-js/sassOptions,-1
https://nextjs.org/docs/app/api-reference/config/next-config-js/serverActions,-1
https://nextjs.org/docs/app/api-reference/config/next-config-js/serverComponentsExternalPackages,-1
https://nextjs.org/docs/app/api-reference/config/next-config-js/serverComponentsHmrCache,-1
https://nextjs.org/docs/app/api-reference/config/next-config-js/serverExternalPackages,-1
https://nextjs.org/docs/app/api-reference/config/next-config-js/staleTimes,-1
https://nextjs.org/docs/app/api-reference/config/next-config-js/staticGeneration,-1
https://nextjs.org/docs/app/api-reference/config/next-config-js/trailingSlash,-1
https://nextjs.org/docs/app/api-reference/config/next-config-js/transpilePackages,-1
https://nextjs.org/docs/app/api-reference/config/next-config-js/turbo,-1
https://nextjs.org/docs/app/api-reference/config/next-config-js/typedRoutes,-1
https://nextjs.org/docs/app/api-reference/config/next-config-js/typescript,-1
https://nextjs.org/docs/app/api-reference/config/next-config-js/urlImports,-1
https://nextjs.org/docs/app/api-reference/config/next-config-js/useCache,-1
https://nextjs.org/docs/app/api-reference/config/next-config-js/useLightningcss,-1
https://nextjs.org/docs/app/api-reference/config/next-config-js/webpack,-1
https://nextjs.org/docs/app/api-reference/config/next-config-js/webVitalsAttribution,-1
https://nextjs.org/docs/app/api-reference/config/typescript,-1
https://nextjs.org/docs/app/api-reference/create-next-app,-1
https://nextjs.org/docs/app/api-reference/directives,-1
https://nextjs.org/docs/app/api-reference/directives/use-cache,-1
https://nextjs.org/docs/app/api-reference/directives/use-client,-1
https://nextjs.org/docs/app/api-reference/directives/use-server,-1
https://nextjs.org/docs/app/api-reference/edge,-1
https://nextjs.org/docs/app/api-reference/file-conventions,-1
https://nextjs.org/docs/app/api-reference/file-conventions/default,-1
https://nextjs.org/docs/app/api-reference/file-conventions/error,-1
https://nextjs.org/docs/app/api-reference/file-conventions/forbidden,-1
https://nextjs.org/docs/app/api-reference/file-conventions/instrumentation,-1
https://nextjs.org/docs/app/api-reference/file-conventions/layout,-1
https://nextjs.org/docs/app/api-reference/file-conventions/loading,-1
https://nextjs.org/docs/app/api-reference/file-conventions/mdx-components,-1
https://nextjs.org/docs/app/api-reference/file-conventions/metadata,-1
https://nextjs.org/docs/app/api-reference/file-conventions/metadata/app-icons,-1
https://nextjs.org/docs/app/api-reference/file-conventions/metadata/manifest,-1
https://nextjs.org/docs/app/api-reference/file-conventions/metadata/opengraph-image,-1
https://nextjs.org/docs/app/api-reference/file-conventions/metadata/robots,-1
https://nextjs.org/docs/app/api-reference/file-conventions/metadata/sitemap,-1
https://nextjs.org/docs/app/api-reference/file-conventions/middleware,-1
https://nextjs.org/docs/app/api-reference/file-conventions/not-found,-1
https://nextjs.org/docs/app/api-reference/file-conventions/page,-1
https://nextjs.org/docs/app/api-reference/file-conventions/route,-1
https://nextjs.org/docs/app/api-reference/file-conventions/route-segment-config,-1
https://nextjs.org/docs/app/api-reference/file-conventions/template,-1
https://nextjs.org/docs/app/api-reference/file-conventions/unauthorized,-1
https://nextjs.org/docs/app/api-reference/functions,-1
https://nextjs.org/docs/app/api-reference/functions/after,-1
https://nextjs.org/docs/app/api-reference/functions/cacheLife,-1
https://nextjs.org/docs/app/api-reference/functions/cacheTag,-1
https://nextjs.org/docs/app/api-reference/functions/connection,-1
https://nextjs.org/docs/app/api-reference/functions/cookies,-1
https://nextjs.org/docs/app/api-reference/functions/draft-mode,-1
https://nextjs.org/docs/app/api-reference/functions/fetch,-1
https://nextjs.org/docs/app/api-reference/functions/forbidden,-1
https://nextjs.org/docs/app/api-reference/functions/generate-image-metadata,-1
https://nextjs.org/docs/app/api-reference/functions/generate-metadata,-1
https://nextjs.org/docs/app/api-reference/functions/generate-sitemaps,-1
https://nextjs.org/docs/app/api-reference/functions/generate-static-params,-1
https://nextjs.org/docs/app/api-reference/functions/generate-viewport,-1
https://nextjs.org/docs/app/api-reference/functions/headers,-1
https://nextjs.org/docs/app/api-reference/functions/image-response,-1
https://nextjs.org/docs/app/api-reference/functions/next-request,-1
https://nextjs.org/docs/app/api-reference/functions/next-response,-1
https://nextjs.org/docs/app/api-reference/functions/not-found,-1
https://nextjs.org/docs/app/api-reference/functions/permanentRedirect,-1
https://nextjs.org/docs/app/api-reference/functions/redirect,-1
https://nextjs.org/docs/app/api-reference/functions/revalidatePath,-1
https://nextjs.org/docs/app/api-reference/functions/revalidateTag,-1
https://nextjs.org/docs/app/api-reference/functions/unauthorized,-1
https://nextjs.org/docs/app/api-reference/functions/unstable_after,-1
https://nextjs.org/docs/app/api-reference/functions/unstable_cache,-1
https://nextjs.org/docs/app/api-reference/functions/unstable_expirePath,-1
https://nextjs.org/docs/app/api-reference/functions/unstable_expireTag,-1
https://nextjs.org/docs/app/api-reference/functions/unstable_noStore,-1
https://nextjs.org/docs/app/api-reference/functions/unstable_rethrow,-1
https://nextjs.org/docs/app/api-reference/functions/use-params,-1
https://nextjs.org/docs/app/api-reference/functions/use-pathname,-1
https://nextjs.org/docs/app/api-reference/functions/userAgent,-1
https://nextjs.org/docs/app/api-reference/functions/use-report-web-vitals,-1
https://nextjs.org/docs/app/api-reference/functions/use-router,-1
https://nextjs.org/docs/app/api-reference/functions/use-search-params,-1
https://nextjs.org/docs/app/api-reference/functions/use-selected-layout-segment,-1
https://nextjs.org/docs/app/api-reference/functions/use-selected-layout-segments,-1
https://nextjs.org/docs/app/api-reference/next-config-js,-1
https://nextjs.org/docs/app/api-reference/next-config-js/appDir,-1
https://nextjs.org/docs/app/api-reference/next-config-js/assetPrefix,-1
https://nextjs.org/docs/app/api-reference/next-config-js/basePath,-1
https://nextjs.org/docs/app/api-reference/next-config-js/cacheLife,-1
https://nextjs.org/docs/app/api-reference/next-config-js/compress,-1
https://nextjs.org/docs/app/api-reference/next-config-js/crossOrigin,-1
https://nextjs.org/docs/app/api-reference/next-config-js/devIndicators,-1
https://nextjs.org/docs/app/api-reference/next-config-js/distDir,-1
https://nextjs.org/docs/app/api-reference/next-config-js/env,-1
https://nextjs.org/docs/app/api-reference/next-config-js/eslint,-1
https://nextjs.org/docs/app/api-reference/next-config-js/expireTime,-1
https://nextjs.org/docs/app/api-reference/next-config-js/exportPathMap,-1
https://nextjs.org/docs/app/api-reference/next-config-js/generateBuildId,-1
https://nextjs.org/docs/app/api-reference/next-config-js/generateEtags,-1
https://nextjs.org/docs/app/api-reference/next-config-js/headers,-1
https://nextjs.org/docs/app/api-reference/next-config-js/httpAgentOptions,-1
https://nextjs.org/docs/app/api-reference/next-config-js/images,-1
https://nextjs.org/docs/app/api-reference/next-config-js/incrementalCacheHandlerPath,-1
https://nextjs.org/docs/app/api-reference/next-config-js/instrumentationHook,-1
https://nextjs.org/docs/app/api-reference/next-config-js/logging,-1
https://nextjs.org/docs/app/api-reference/next-config-js/mdxRs,-1
https://nextjs.org/docs/app/api-reference/next-config-js/onDemandEntries,-1
https://nextjs.org/docs/app/api-reference/next-config-js/optimizePackageImports,-1
https://nextjs.org/docs/app/api-reference/next-config-js/output,-1
https://nextjs.org/docs/app/api-reference/next-config-js/pageExtensions,-1
https://nextjs.org/docs/app/api-reference/next-config-js/poweredByHeader,-1
https://nextjs.org/docs/app/api-reference/next-config-js/productionBrowserSourceMaps,-1
https://nextjs.org/docs/app/api-reference/next-config-js/reactStrictMode,-1
https://nextjs.org/docs/app/api-reference/next-config-js/redirects,-1
https://nextjs.org/docs/app/api-reference/next-config-js/rewrites,-1
https://nextjs.org/docs/app/api-reference/next-config-js/serverActions,-1
https://nextjs.org/docs/app/api-reference/next-config-js/serverComponentsExternalPackages,-1
https://nextjs.org/docs/app/api-reference/next-config-js/serverComponentsHmrCache,-1
https://nextjs.org/docs/app/api-reference/next-config-js/serverExternalPackages,-1
https://nextjs.org/docs/app/api-reference/next-config-js/staleTimes,-1
https://nextjs.org/docs/app/api-reference/next-config-js/staticGeneration,-1
https://nextjs.org/docs/app/api-reference/next-config-js/trailingSlash,-1
https://nextjs.org/docs/app/api-reference/next-config-js/transpilePackages,-1
https://nextjs.org/docs/app/api-reference/next-config-js/turbo,-1
https://nextjs.org/docs/app/api-reference/next-config-js/typedRoutes,-1
https://nextjs.org/docs/app/api-reference/next-config-js/typescript,-1
https://nextjs.org/docs/app/api-reference/next-config-js/urlImports,-1
https://nextjs.org/docs/app/api-reference/next-config-js/webpack,-1
https://nextjs.org/docs/app/api-reference/next-config-js/webVitalsAttribution,-1
https://nextjs.org/docs/app/api-reference/turbopack,-1
https://nextjs.org/docs/app/building-your-application,-1
https://nextjs.org/docs/app/building-your-application/authentication,-1
https://nextjs.org/docs/app/building-your-application/caching,-1
https://nextjs.org/docs/app/building-your-application/configuring,-1
https://nextjs.org/docs/app/building-your-application/configuring/absolute-imports-and-module-aliases,-1
https://nextjs.org/docs/app/building-your-application/configuring/content-security-policy,-1
https://nextjs.org/docs/app/building-your-application/configuring/custom-server,-1
https://nextjs.org/docs/app/building-your-application/configuring/debugging,-1
https://nextjs.org/docs/app/building-your-application/configuring/draft-mode,-1
https://nextjs.org/docs/app/building-your-application/configuring/environment-variables,-1
https://nextjs.org/docs/app/building-your-application/configuring/eslint,-1
https://nextjs.org/docs/app/building-your-application/configuring/mdx,-1
https://nextjs.org/docs/app/building-your-application/configuring/progressive-web-apps,-1
https://nextjs.org/docs/app/building-your-application/configuring/src-directory,-1
https://nextjs.org/docs/app/building-your-application/configuring/typescript,-1
https://nextjs.org/docs/app/building-your-application/data-fetching,-1
https://nextjs.org/docs/app/building-your-application/data-fetching/fetching,-1
https://nextjs.org/docs/app/building-your-application/data-fetching/fetching-caching-and-revalidating,-1
https://nextjs.org/docs/app/building-your-application/data-fetching/forms-and-mutations,-1
https://nextjs.org/docs/app/building-your-application/data-fetching/incremental-static-regeneration,-1
https://nextjs.org/docs/app/building-your-application/data-fetching/server-actions,-1
https://nextjs.org/docs/app/building-your-application/data-fetching/server-actions-and-mutations,-1
https://nextjs.org/docs/app/building-your-application/deploying,-1
https://nextjs.org/docs/app/building-your-application/deploying/multi-zones,-1
https://nextjs.org/docs/app/building-your-application/deploying/production-checklist,-1
https://nextjs.org/docs/app/building-your-application/deploying/static-exports,-1
https://nextjs.org/docs/app/building-your-application/optimizing,-1
https://nextjs.org/docs/app/building-your-application/optimizing/analytics,-1
https://nextjs.org/docs/app/building-your-application/optimizing/fonts,-1
https://nextjs.org/docs/app/building-your-application/optimizing/images,-1
https://nextjs.org/docs/app/building-your-application/optimizing/instrumentation,-1
https://nextjs.org/docs/app/building-your-application/optimizing/lazy-loading,-1
https://nextjs.org/docs/app/building-your-application/optimizing/memory-usage,-1
https://nextjs.org/docs/app/building-your-application/optimizing/metadata,-1
https://nextjs.org/docs/app/building-your-application/optimizing/open-telemetry,-1
https://nextjs.org/docs/app/building-your-application/optimizing/package-bundling,-1
https://nextjs.org/docs/app/building-your-application/optimizing/scripts,-1
https://nextjs.org/docs/app/building-your-application/optimizing/static-assets,-1
https://nextjs.org/docs/app/building-your-application/optimizing/third-party-libraries,-1
https://nextjs.org/docs/app/building-your-application/optimizing/videos,-1
https://nextjs.org/docs/app/building-your-application/rendering,-1
https://nextjs.org/docs/app/building-your-application/rendering/client-components,-1
https://nextjs.org/docs/app/building-your-application/rendering/composition-patterns,-1
https://nextjs.org/docs/app/building-your-application/rendering/edge-and-nodejs-runtimes,-1
https://nextjs.org/docs/app/building-your-application/rendering/partial-prerendering,-1
https://nextjs.org/docs/app/building-your-application/rendering/server-components,-1
https://nextjs.org/docs/app/building-your-application/routing,-1
https://nextjs.org/docs/app/building-your-application/routing/defining-routes,-1
https://nextjs.org/docs/app/building-your-application/routing/dynamic-routes,-1
https://nextjs.org/docs/app/building-your-application/routing/error-handling,-1
https://nextjs.org/docs/app/building-your-application/routing/intercepting-routes,-1
https://nextjs.org/docs/app/building-your-application/routing/internationalization,-1
https://nextjs.org/docs/app/building-your-application/routing/layouts-and-templates,-1
https://nextjs.org/docs/app/building-your-application/routing/linking-and-navigating,-1
https://nextjs.org/docs/app/building-your-application/routing/loading-ui-and-streaming,-1
https://nextjs.org/docs/app/building-your-application/routing/middleware,-1
https://nextjs.org/docs/app/building-your-application/routing/pages-and-layouts,-1
https://nextjs.org/docs/app/building-your-application/routing/parallel-routes,-1
https://nextjs.org/docs/app/building-your-application/routing/redirecting,-1
https://nextjs.org/docs/app/building-your-application/routing/route-groups,-1
https://nextjs.org/docs/app/building-your-application/routing/route-handlers,-1
https://nextjs.org/docs/app/building-your-application/routing/router-handlers,-1
https://nextjs.org/docs/app/building-your-application/styling,-1
https://nextjs.org/docs/app/building-your-application/styling/css,-1
https://nextjs.org/docs/app/building-your-application/styling/css-in-js,-1
https://nextjs.org/docs/app/building-your-application/styling/css-modules,-1
https://nextjs.org/docs/app/building-your-application/styling/sass,-1
https://nextjs.org/docs/app/building-your-application/styling/tailwind-css,-1
https://nextjs.org/docs/app/building-your-application/testing,-1
https://nextjs.org/docs/app/building-your-application/testing/cypress,-1
https://nextjs.org/docs/app/building-your-application/testing/jest,-1
https://nextjs.org/docs/app/building-your-application/testing/playwright,-1
https://nextjs.org/docs/app/building-your-application/testing/vitest,-1
https://nextjs.org/docs/app/building-your-application/upgrading,-1
https://nextjs.org/docs/app/building-your-application/upgrading/app-router-migration,-1
https://nextjs.org/docs/app/building-your-application/upgrading/canary,-1
https://nextjs.org/docs/app/building-your-application/upgrading/codemods,-1
https://nextjs.org/docs/app/building-your-application/upgrading/from-create-react-app,-1
https://nextjs.org/docs/app/building-your-application/upgrading/from-vite,-1
https://nextjs.org/docs/app/building-your-application/upgrading/single-page-applications,-1
https://nextjs.org/docs/app/building-your-application/upgrading/version-14,-1
https://nextjs.org/docs/app/building-your-application/upgrading/version-15,-1
https://nextjs.org/docs/app/examples,-1
https://nextjs.org/docs/app/getting-started,-1
https://nextjs.org/docs/app/getting-started/,-1
https://nextjs.org/docs/app/getting-started/css,-1
https://nextjs.org/docs/app/getting-started/data-fetching-and-streaming,-1
https://nextjs.org/docs/app/getting-started/error-handling,-1
https://nextjs.org/docs/app/getting-started/fetching-data,-1
https://nextjs.org/docs/app/getting-started/images-and-fonts,-1
https://nextjs.org/docs/app/getting-started/installation,-1
https://nextjs.org/docs/app/getting-started/layouts-and-pages,-1
https://nextjs.org/docs/app/getting-started/project-structure,-1
https://nextjs.org/docs/app/getting-started/react-essentials,-1
https://nextjs.org/docs/app/getting-started/updating-data,-1
https://nextjs.org/docs/architecture,-1
https://nextjs.org/docs/architecture/accessibility,-1
https://nextjs.org/docs/architecture/fast-refresh,-1
https://nextjs.org/docs/architecture/nextjs-compiler,-1
https://nextjs.org/docs/architecture/supported-browsers,-1
https://nextjs.org/docs/architecture/turbopack,-1
https://nextjs.org/docs/basic-features/built-in-css-support,-1
https://nextjs.org/docs/basic-features/data-fetching,-1
https://nextjs.org/docs/basic-features/data-fetching/get-static-props,-1
https://nextjs.org/docs/basic-features/environment-variables,-1
https://nextjs.org/docs/basic-features/fast-refresh,-1
https://nextjs.org/docs/basic-features/image-optimization,-1
https://nextjs.org/docs/basic-features/pages,-1
https://nextjs.org/docs/basic-features/script,-1
https://nextjs.org/docs/basic-features/static-file-serving,-1
https://nextjs.org/docs/basic-features/supported-browsers-features,-1
https://nextjs.org/docs/canary,-1
https://nextjs.org/docs/canary/app/api-reference/components/form,-1
https://nextjs.org/docs/canary/app/api-reference/directives/use-cache,-1
https://nextjs.org/docs/canary/app/api-reference/file-conventions/instrumentation,-1
https://nextjs.org/docs/canary/app/api-reference/functions/cacheTag,-1
https://nextjs.org/docs/canary/app/api-reference/next-config-js/cacheLife,-1
https://nextjs.org/docs/canary/app/api-reference/next-config-js/devIndicators,-1
https://nextjs.org/docs/canary/app/api-reference/next-config-js/expireTime,-1
https://nextjs.org/docs/canary/app/api-reference/next-config-js/serverComponentsHmrCache,-1
https://nextjs.org/docs/canary/app/api-reference/next-config-js/staticGeneration,-1
https://nextjs.org/docs/canary/app/api-reference/next-config-js/turbo,-1
https://nextjs.org/docs/canary/app/building-your-application/caching,-1
https://nextjs.org/docs/canary/app/building-your-application/configuring/typescript,-1
https://nextjs.org/docs/canary/app/building-your-application/upgrading/codemods,-1
https://nextjs.org/docs/canary/app/building-your-application/upgrading/version-15,-1
https://nextjs.org/docs/canary/architecture/turbopack,-1
https://nextjs.org/docs/community,-1
https://nextjs.org/docs/community/contribution-guide,-1
https://nextjs.org/docs/deployment,-1
https://nextjs.org/docs/getting-started,-1
https://nextjs.org/docs/getting-started/installation,-1
https://nextjs.org/docs/getting-started/project-structure,-1
https://nextjs.org/docs/getting-started/react-essentials,-1
https://nextjs.org/docs/messages/app-container-deprecated,-1
https://nextjs.org/docs/messages/conflicting-public-file-page,-1
https://nextjs.org/docs/messages/google-font-display,-1
https://nextjs.org/docs/messages/google-font-preconnect,-1
https://nextjs.org/docs/messages/inline-script-id,-1
https://nextjs.org/docs/messages/middleware-upgrade-guide,-1
https://nextjs.org/docs/messages/next-dynamic-modules,-1
https://nextjs.org/docs/messages/next-script-for-ga,-1
https://nextjs.org/docs/messages/no-assign-module-variable,-1
https://nextjs.org/docs/messages/no-async-client-component,-1
https://nextjs.org/docs/messages/no-before-interactive-script-outside-document,-1
https://nextjs.org/docs/messages/no-cache,-1
https://nextjs.org/docs/messages/no-css-tags,-1
https://nextjs.org/docs/messages/no-document-import-in-page,-1
https://nextjs.org/docs/messages/no-duplicate-head,-1
https://nextjs.org/docs/messages/no-head-element,-1
https://nextjs.org/docs/messages/no-head-import-in-document,-1
https://nextjs.org/docs/messages/no-html-link-for-pages,-1
https://nextjs.org/docs/messages/no-img-element,-1
https://nextjs.org/docs/messages/no-page-custom-font,-1
https://nextjs.org/docs/messages/no-script-component-in-head,-1
https://nextjs.org/docs/messages/no-styled-jsx-in-document,-1
https://nextjs.org/docs/messages/no-sync-scripts,-1
https://nextjs.org/docs/messages/no-title-in-document-head,-1
https://nextjs.org/docs/messages/no-unwanted-polyfillio,-1
https://nextjs.org/docs/messages/sync-dynamic-apis,-1
https://nextjs.org/docs/messages/url-deprecated,-1
https://nextjs.org/docs/messages/webpack5,-1
https://nextjs.org/docs/migrating/from-gatsby,-1
https://nextjs.org/docs/migrating/from-react-router,-1
https://nextjs.org/docs/migrating/incremental-adoption,-1
https://nextjs.org/docs/pages,-1
https://nextjs.org/docs/pages/api-reference,-1
https://nextjs.org/docs/pages/api-reference/cli,-1
https://nextjs.org/docs/pages/api-reference/cli/create-next-app,-1
https://nextjs.org/docs/pages/api-reference/cli/next,-1
https://nextjs.org/docs/pages/api-reference/components,-1
https://nextjs.org/docs/pages/api-reference/components/font,-1
https://nextjs.org/docs/pages/api-reference/components/form,-1
https://nextjs.org/docs/pages/api-reference/components/head,-1
https://nextjs.org/docs/pages/api-reference/components/image,-1
https://nextjs.org/docs/pages/api-reference/components/image-legacy,-1
https://nextjs.org/docs/pages/api-reference/components/link,-1
https://nextjs.org/docs/pages/api-reference/components/script,-1
https://nextjs.org/docs/pages/api-reference/config,-1
https://nextjs.org/docs/pages/api-reference/config/eslint,-1
https://nextjs.org/docs/pages/api-reference/config/next-config-js,-1
https://nextjs.org/docs/pages/api-reference/config/next-config-js/,-1
https://nextjs.org/docs/pages/api-reference/config/next-config-js/assetPrefix,-1
https://nextjs.org/docs/pages/api-reference/config/next-config-js/basePath,-1
https://nextjs.org/docs/pages/api-reference/config/next-config-js/bundlePagesRouterDependencies,-1
https://nextjs.org/docs/pages/api-reference/config/next-config-js/compress,-1
https://nextjs.org/docs/pages/api-reference/config/next-config-js/crossOrigin,-1
https://nextjs.org/docs/pages/api-reference/config/next-config-js/devIndicators,-1
https://nextjs.org/docs/pages/api-reference/config/next-config-js/distDir,-1
https://nextjs.org/docs/pages/api-reference/config/next-config-js/env,-1
https://nextjs.org/docs/pages/api-reference/config/next-config-js/eslint,-1
https://nextjs.org/docs/pages/api-reference/config/next-config-js/exportPathMap,-1
https://nextjs.org/docs/pages/api-reference/config/next-config-js/generateBuildId,-1
https://nextjs.org/docs/pages/api-reference/config/next-config-js/generateEtags,-1
https://nextjs.org/docs/pages/api-reference/config/next-config-js/headers,-1
https://nextjs.org/docs/pages/api-reference/config/next-config-js/httpAgentOptions,-1
https://nextjs.org/docs/pages/api-reference/config/next-config-js/images,-1
https://nextjs.org/docs/pages/api-reference/config/next-config-js/instrumentationHook,-1
https://nextjs.org/docs/pages/api-reference/config/next-config-js/onDemandEntries,-1
https://nextjs.org/docs/pages/api-reference/config/next-config-js/optimizePackageImports,-1
https://nextjs.org/docs/pages/api-reference/config/next-config-js/output,-1
https://nextjs.org/docs/pages/api-reference/config/next-config-js/pageExtensions,-1
https://nextjs.org/docs/pages/api-reference/config/next-config-js/poweredByHeader,-1
https://nextjs.org/docs/pages/api-reference/config/next-config-js/productionBrowserSourceMaps,-1
https://nextjs.org/docs/pages/api-reference/config/next-config-js/reactStrictMode,-1
https://nextjs.org/docs/pages/api-reference/config/next-config-js/redirects,-1
https://nextjs.org/docs/pages/api-reference/config/next-config-js/rewrites,-1
https://nextjs.org/docs/pages/api-reference/config/next-config-js/runtime-configuration,-1
https://nextjs.org/docs/pages/api-reference/config/next-config-js/serverExternalPackages,-1
https://nextjs.org/docs/pages/api-reference/config/next-config-js/trailingSlash,-1
https://nextjs.org/docs/pages/api-reference/config/next-config-js/transpilePackages,-1
https://nextjs.org/docs/pages/api-reference/config/next-config-js/turbo,-1
https://nextjs.org/docs/pages/api-reference/config/next-config-js/typescript,-1
https://nextjs.org/docs/pages/api-reference/config/next-config-js/urlImports,-1
https://nextjs.org/docs/pages/api-reference/config/next-config-js/useLightningcss,-1
https://nextjs.org/docs/pages/api-reference/config/next-config-js/webpack,-1
https://nextjs.org/docs/pages/api-reference/config/next-config-js/webVitalsAttribution,-1
https://nextjs.org/docs/pages/api-reference/config/typescript,-1
https://nextjs.org/docs/pages/api-reference/edge,-1
https://nextjs.org/docs/pages/api-reference/file-conventions/instrumentation,-1
https://nextjs.org/docs/pages/api-reference/functions,-1
https://nextjs.org/docs/pages/api-reference/functions/get-initial-props,-1
https://nextjs.org/docs/pages/api-reference/functions/get-server-side-props,-1
https://nextjs.org/docs/pages/api-reference/functions/get-static-paths,-1
https://nextjs.org/docs/pages/api-reference/functions/get-static-props,-1
https://nextjs.org/docs/pages/api-reference/functions/next-request,-1
https://nextjs.org/docs/pages/api-reference/functions/next-response,-1
https://nextjs.org/docs/pages/api-reference/functions/use-amp,-1
https://nextjs.org/docs/pages/api-reference/functions/userAgent,-1
https://nextjs.org/docs/pages/api-reference/functions/use-report-web-vitals,-1
https://nextjs.org/docs/pages/api-reference/functions/use-router,-1
https://nextjs.org/docs/pages/api-reference/next-config-js,-1
https://nextjs.org/docs/pages/api-reference/next-config-js/assetPrefix,-1
https://nextjs.org/docs/pages/api-reference/next-config-js/basePath,-1
https://nextjs.org/docs/pages/api-reference/next-config-js/bundlePagesRouterDependencies,-1
https://nextjs.org/docs/pages/api-reference/next-config-js/compress,-1
https://nextjs.org/docs/pages/api-reference/next-config-js/crossOrigin,-1
https://nextjs.org/docs/pages/api-reference/next-config-js/devIndicators,-1
https://nextjs.org/docs/pages/api-reference/next-config-js/distDir,-1
https://nextjs.org/docs/pages/api-reference/next-config-js/env,-1
https://nextjs.org/docs/pages/api-reference/next-config-js/eslint,-1
https://nextjs.org/docs/pages/api-reference/next-config-js/exportPathMap,-1
https://nextjs.org/docs/pages/api-reference/next-config-js/generateBuildId,-1
https://nextjs.org/docs/pages/api-reference/next-config-js/generateEtags,-1
https://nextjs.org/docs/pages/api-reference/next-config-js/headers,-1
https://nextjs.org/docs/pages/api-reference/next-config-js/httpAgentOptions,-1
https://nextjs.org/docs/pages/api-reference/next-config-js/images,-1
https://nextjs.org/docs/pages/api-reference/next-config-js/instrumentationHook,-1
https://nextjs.org/docs/pages/api-reference/next-config-js/onDemandEntries,-1
https://nextjs.org/docs/pages/api-reference/next-config-js/optimizePackageImports,-1
https://nextjs.org/docs/pages/api-reference/next-config-js/output,-1
https://nextjs.org/docs/pages/api-reference/next-config-js/pageExtensions,-1
https://nextjs.org/docs/pages/api-reference/next-config-js/poweredByHeader,-1
https://nextjs.org/docs/pages/api-reference/next-config-js/productionBrowserSourceMaps,-1
https://nextjs.org/docs/pages/api-reference/next-config-js/reactStrictMode,-1
https://nextjs.org/docs/pages/api-reference/next-config-js/redirects,-1
https://nextjs.org/docs/pages/api-reference/next-config-js/rewrites,-1
https://nextjs.org/docs/pages/api-reference/next-config-js/runtime-configuration,-1
https://nextjs.org/docs/pages/api-reference/next-config-js/trailingSlash,-1
https://nextjs.org/docs/pages/api-reference/next-config-js/transpilePackages,-1
https://nextjs.org/docs/pages/api-reference/next-config-js/turbo,-1
https://nextjs.org/docs/pages/api-reference/next-config-js/typescript,-1
https://nextjs.org/docs/pages/api-reference/next-config-js/urlImports,-1
https://nextjs.org/docs/pages/api-reference/next-config-js/webpack,-1
https://nextjs.org/docs/pages/api-reference/next-config-js/webVitalsAttribution,-1
https://nextjs.org/docs/pages/api-reference/turbopack,-1
https://nextjs.org/docs/pages/building-your-application,-1
https://nextjs.org/docs/pages/building-your-application/authentication,-1
https://nextjs.org/docs/pages/building-your-application/configuring,-1
https://nextjs.org/docs/pages/building-your-application/configuring/absolute-imports-and-module-aliases,-1
https://nextjs.org/docs/pages/building-your-application/configuring/amp,-1
https://nextjs.org/docs/pages/building-your-application/configuring/babel,-1
https://nextjs.org/docs/pages/building-your-application/configuring/content-security-policy,-1
https://nextjs.org/docs/pages/building-your-application/configuring/custom-server,-1
https://nextjs.org/docs/pages/building-your-application/configuring/debugging,-1
https://nextjs.org/docs/pages/building-your-application/configuring/draft-mode,-1
https://nextjs.org/docs/pages/building-your-application/configuring/environment-variables,-1
https://nextjs.org/docs/pages/building-your-application/configuring/error-handling,-1
https://nextjs.org/docs/pages/building-your-application/configuring/eslint,-1
https://nextjs.org/docs/pages/building-your-application/configuring/mdx,-1
https://nextjs.org/docs/pages/building-your-application/configuring/post-css,-1
https://nextjs.org/docs/pages/building-your-application/configuring/preview-mode,-1
https://nextjs.org/docs/pages/building-your-application/configuring/src-directory,-1
https://nextjs.org/docs/pages/building-your-application/configuring/typescript,-1
https://nextjs.org/docs/pages/building-your-application/data-fetching,-1
https://nextjs.org/docs/pages/building-your-application/data-fetching/client-side,-1
https://nextjs.org/docs/pages/building-your-application/data-fetching/forms-and-mutations,-1
https://nextjs.org/docs/pages/building-your-application/data-fetching/get-server-side-props,-1
https://nextjs.org/docs/pages/building-your-application/data-fetching/get-static-paths,-1
https://nextjs.org/docs/pages/building-your-application/data-fetching/get-static-props,-1
https://nextjs.org/docs/pages/building-your-application/data-fetching/incremental-static-regeneration,-1
https://nextjs.org/docs/pages/building-your-application/deploying,-1
https://nextjs.org/docs/pages/building-your-application/deploying/ci-build-caching,-1
https://nextjs.org/docs/pages/building-your-application/deploying/multi-zones,-1
https://nextjs.org/docs/pages/building-your-application/deploying/production-checklist,-1
https://nextjs.org/docs/pages/building-your-application/deploying/static-exports,-1
https://nextjs.org/docs/pages/building-your-application/optimizing,-1
https://nextjs.org/docs/pages/building-your-application/optimizing/analytics,-1
https://nextjs.org/docs/pages/building-your-application/optimizing/fonts,-1
https://nextjs.org/docs/pages/building-your-application/optimizing/images,-1
https://nextjs.org/docs/pages/building-your-application/optimizing/instrumentation,-1
https://nextjs.org/docs/pages/building-your-application/optimizing/lazy-loading,-1
https://nextjs.org/docs/pages/building-your-application/optimizing/open-telemetry,-1
https://nextjs.org/docs/pages/building-your-application/optimizing/package-bundling,-1
https://nextjs.org/docs/pages/building-your-application/optimizing/scripts,-1
https://nextjs.org/docs/pages/building-your-application/optimizing/static-assets,-1
https://nextjs.org/docs/pages/building-your-application/optimizing/testing,-1
https://nextjs.org/docs/pages/building-your-application/optimizing/third-party-libraries,-1
https://nextjs.org/docs/pages/building-your-application/rendering,-1
https://nextjs.org/docs/pages/building-your-application/rendering/automatic-static-optimization,-1
https://nextjs.org/docs/pages/building-your-application/rendering/client-side-rendering,-1
https://nextjs.org/docs/pages/building-your-application/rendering/edge-and-nodejs-runtimes,-1
https://nextjs.org/docs/pages/building-your-application/rendering/server-side-rendering,-1
https://nextjs.org/docs/pages/building-your-application/rendering/static-site-generation,-1
https://nextjs.org/docs/pages/building-your-application/routing,-1
https://nextjs.org/docs/pages/building-your-application/routing/api-routes,-1
https://nextjs.org/docs/pages/building-your-application/routing/authenticating,-1
https://nextjs.org/docs/pages/building-your-application/routing/custom-app,-1
https://nextjs.org/docs/pages/building-your-application/routing/custom-document,-1
https://nextjs.org/docs/pages/building-your-application/routing/custom-error,-1
https://nextjs.org/docs/pages/building-your-application/routing/dynamic-routes,-1
https://nextjs.org/docs/pages/building-your-application/routing/internationalization,-1
https://nextjs.org/docs/pages/building-your-application/routing/linking-and-navigating,-1
https://nextjs.org/docs/pages/building-your-application/routing/middleware,-1
https://nextjs.org/docs/pages/building-your-application/routing/pages-and-layouts,-1
https://nextjs.org/docs/pages/building-your-application/routing/redirecting,-1
https://nextjs.org/docs/pages/building-your-application/styling,-1
https://nextjs.org/docs/pages/building-your-application/styling/css,-1
https://nextjs.org/docs/pages/building-your-application/styling/css-in-js,-1
https://nextjs.org/docs/pages/building-your-application/styling/css-modules,-1
https://nextjs.org/docs/pages/building-your-application/styling/sass,-1
https://nextjs.org/docs/pages/building-your-application/styling/tailwind-css,-1
https://nextjs.org/docs/pages/building-your-application/testing,-1
https://nextjs.org/docs/pages/building-your-application/testing/cypress,-1
https://nextjs.org/docs/pages/building-your-application/testing/jest,-1
https://nextjs.org/docs/pages/building-your-application/testing/playwright,-1
https://nextjs.org/docs/pages/building-your-application/testing/vitest,-1
https://nextjs.org/docs/pages/building-your-application/upgrading,-1
https://nextjs.org/docs/pages/building-your-application/upgrading/app-router-migration,-1
https://nextjs.org/docs/pages/building-your-application/upgrading/codemods,-1
https://nextjs.org/docs/pages/building-your-application/upgrading/from-create-react-app,-1
https://nextjs.org/docs/pages/building-your-application/upgrading/from-vite,-1
https://nextjs.org/docs/pages/building-your-application/upgrading/version-10,-1
https://nextjs.org/docs/pages/building-your-application/upgrading/version-11,-1
https://nextjs.org/docs/pages/building-your-application/upgrading/version-12,-1
https://nextjs.org/docs/pages/building-your-application/upgrading/version-13,-1
https://nextjs.org/docs/pages/building-your-application/upgrading/version-14,-1
https://nextjs.org/docs/pages/building-your-application/upgrading/version-9,-1
https://nextjs.org/docs/pages/getting-started,-1
https://nextjs.org/docs/pages/getting-started/installation,-1
https://nextjs.org/docs/pages/getting-started/project-structure,-1
https://nextjs.org/docs/routing/dynamic-routes,-1
https://nextjs.org/docs/routing/introduction,-1
https://nextjs.org/governance,-1
https://nextjs.org/learn,-1
https://nextjs.org/learn/basics/dynamic-routes,-1
https://nextjs.org/learn/dashboard-app,-1
https://nextjs.org/learn/dashboard-app/adding-authentication,-1
https://nextjs.org/learn/dashboard-app/adding-metadata,-1
https://nextjs.org/learn/dashboard-app/adding-search-and-pagination,-1
https://nextjs.org/learn/dashboard-app/creating-layouts-and-pages,-1
https://nextjs.org/learn/dashboard-app/css-styling,-1
https://nextjs.org/learn/dashboard-app/error-handling,-1
https://nextjs.org/learn/dashboard-app/fetching-data,-1
https://nextjs.org/learn/dashboard-app/getting-started,-1
https://nextjs.org/learn/dashboard-app/improving-accessibility,-1
https://nextjs.org/learn/dashboard-app/mutating-data,-1
https://nextjs.org/learn/dashboard-app/navigating-between-pages,-1
https://nextjs.org/learn/dashboard-app/next-steps,-1
https://nextjs.org/learn/dashboard-app/optimizing-fonts-images,-1
https://nextjs.org/learn/dashboard-app/partial-prerendering,-1
https://nextjs.org/learn/dashboard-app/setting-up-your-database,-1
https://nextjs.org/learn/dashboard-app/static-and-dynamic-rendering,-1
https://nextjs.org/learn/dashboard-app/streaming,-1
https://nextjs.org/learn/excel/amp,-1
https://nextjs.org/learn/excel/typescript,-1
https://nextjs.org/learn/foundations/about-nextjs,-1
https://nextjs.org/learn/foundations/how-nextjs-works/rendering,-1
https://nextjs.org/learn/pages-router,-1
https://nextjs.org/learn/pages-router/api-routes,-1
https://nextjs.org/learn/pages-router/api-routes-api-routes-details,-1
https://nextjs.org/learn/pages-router/api-routes-creating-api-routes,-1
https://nextjs.org/learn/pages-router/api-routes-setup,-1
https://nextjs.org/learn/pages-router/assets-metadata-css,-1
https://nextjs.org/learn/pages-router/assets-metadata-css-assets,-1
https://nextjs.org/learn/pages-router/assets-metadata-css-css-styling,-1
https://nextjs.org/learn/pages-router/assets-metadata-css-global-styles,-1
https://nextjs.org/learn/pages-router/assets-metadata-css-layout-component,-1
https://nextjs.org/learn/pages-router/assets-metadata-css-metadata,-1
https://nextjs.org/learn/pages-router/assets-metadata-css-polishing-layout,-1
https://nextjs.org/learn/pages-router/assets-metadata-css-setup,-1
https://nextjs.org/learn/pages-router/assets-metadata-css-styling-tips,-1
https://nextjs.org/learn/pages-router/assets-metadata-css-third-party-javascript,-1
https://nextjs.org/learn/pages-router/create-nextjs-app-editing-the-page,-1
https://nextjs.org/learn/pages-router/create-nextjs-app-setup,-1
https://nextjs.org/learn/pages-router/create-nextjs-app-welcome-to-nextjs,-1
https://nextjs.org/learn/pages-router/data-fetching,-1
https://nextjs.org/learn/pages-router/data-fetching-blog-data,-1
https://nextjs.org/learn/pages-router/data-fetching-getstaticprops-details,-1
https://nextjs.org/learn/pages-router/data-fetching-implement-getstaticprops,-1
https://nextjs.org/learn/pages-router/data-fetching-pre-rendering,-1
https://nextjs.org/learn/pages-router/data-fetching-request-time,-1
https://nextjs.org/learn/pages-router/data-fetching-setup,-1
https://nextjs.org/learn/pages-router/data-fetching-two-forms,-1
https://nextjs.org/learn/pages-router/data-fetching-with-data,-1
https://nextjs.org/learn/pages-router/deploying-nextjs-app,-1
https://nextjs.org/learn/pages-router/deploying-nextjs-app-deploy,-1
https://nextjs.org/learn/pages-router/deploying-nextjs-app-github,-1
https://nextjs.org/learn/pages-router/deploying-nextjs-app-other-hosting-options,-1
https://nextjs.org/learn/pages-router/deploying-nextjs-app-platform-details,-1
https://nextjs.org/learn/pages-router/deploying-nextjs-app-setup,-1
https://nextjs.org/learn/pages-router/dynamic-routes,-1
https://nextjs.org/learn/pages-router/dynamic-routes-dynamic-routes-details,-1
https://nextjs.org/learn/pages-router/dynamic-routes-implement-getstaticpaths,-1
https://nextjs.org/learn/pages-router/dynamic-routes-implement-getstaticprops,-1
https://nextjs.org/learn/pages-router/dynamic-routes-page-path-external-data,-1
https://nextjs.org/learn/pages-router/dynamic-routes-polishing-index-page,-1
https://nextjs.org/learn/pages-router/dynamic-routes-polishing-post-page,-1
https://nextjs.org/learn/pages-router/dynamic-routes-render-markdown,-1
https://nextjs.org/learn/pages-router/dynamic-routes-setup,-1
https://nextjs.org/learn/pages-router/navigate-between-pages,-1
https://nextjs.org/learn/pages-router/navigate-between-pages-client-side,-1
https://nextjs.org/learn/pages-router/navigate-between-pages-link-component,-1
https://nextjs.org/learn/pages-router/navigate-between-pages-pages-in-nextjs,-1
https://nextjs.org/learn/pages-router/navigate-between-pages-setup,-1
https://nextjs.org/learn/pages-router/next-steps,-1
https://nextjs.org/learn/pages-router/@vercel,-1
https://nextjs.org/learn/react-foundations,-1
https://nextjs.org/learn/react-foundations/about-nextjs,-1
https://nextjs.org/learn/react-foundations/building-ui-with-components,-1
https://nextjs.org/learn/react-foundations/displaying-data-with-props,-1
https://nextjs.org/learn/react-foundations/from-react-to-nextjs,-1
https://nextjs.org/learn/react-foundations/getting-started-with-react,-1
https://nextjs.org/learn/react-foundations/how-nextjs-works/rendering,-1
https://nextjs.org/learn/react-foundations/installation,-1
https://nextjs.org/learn/react-foundations/next-steps,-1
https://nextjs.org/learn/react-foundations/rendering-ui,-1
https://nextjs.org/learn/react-foundations/server-and-client-components,-1
https://nextjs.org/learn/react-foundations/updating-state,-1
https://nextjs.org/learn/react-foundations/updating-ui-with-javascript,-1
https://nextjs.org/learn/react-foundations/what-is-react-and-nextjs,-1
https://nextjs.org/learn/seo/introduction-to-seo,-1
https://nextjs.org/learn/seo/introduction-to-seo/webcrawlers,-1
https://nextjs.org/learn/seo/web-performance/cls,-1
https://nextjs.org/learn/seo/web-performance/lcp,-1
https://nextjs.org/live,-1
https://nextjs.org/showcase,-1
https://nextjs.org/team,-1
https://nextjs.org/telemetry,-1
https://nextjs.org/telemetry/,-1
https://vercel.com/analytics,-1
https://vercel.com/features/previews,-1
https://vercel.com/live,-1
https://vercel.com/products/observability,-1
https://vercel.com/products/previews,-1
https://vercel.com/templates/next.js/nextjs-commerce,-1
