https://cheerio.js.org/,-1
https://cheerio.js.org/attribution,-1
https://cheerio.js.org/blog,-1
https://cheerio.js.org/blog/cheerio-1.0,-1
https://cheerio.js.org/blog/new-website,-1
https://cheerio.js.org/blog/tags,-1
https://cheerio.js.org/blog/tags/announcement,-1
https://cheerio.js.org/blog/tags/intro,-1
https://cheerio.js.org/blog/tags/release,-1
https://cheerio.js.org/blog/tags/website,-1
https://cheerio.js.org/docs/advanced/configuring-cheerio,-1
https://cheerio.js.org/docs/advanced/extending-cheerio,-1
https://cheerio.js.org/docs/advanced/extract,-1
https://cheerio.js.org/docs/api,-1
https://cheerio.js.org/docs/api/classes/Cheerio,-1
https://cheerio.js.org/docs/api/functions/contains,-1
https://cheerio.js.org/docs/api/functions/decodeStream,-1
https://cheerio.js.org/docs/api/functions/fromURL,-1
https://cheerio.js.org/docs/api/functions/load,-1
https://cheerio.js.org/docs/api/functions/loadBuffer,-1
https://cheerio.js.org/docs/api/functions/merge,-1
https://cheerio.js.org/docs/api/functions/stringStream,-1
https://cheerio.js.org/docs/api/interfaces/CheerioAPI,-1
https://cheerio.js.org/docs/api/interfaces/CheerioOptions,-1
https://cheerio.js.org/docs/api/interfaces/CheerioRequestOptions,-1
https://cheerio.js.org/docs/api/interfaces/DecodeStreamOptions,-1
https://cheerio.js.org/docs/api/interfaces/HTMLParser2Options,-1
https://cheerio.js.org/docs/api/interfaces/Parse5Options,-1
https://cheerio.js.org/docs/api/type-aliases/AcceptedElems,-1
https://cheerio.js.org/docs/api/type-aliases/AcceptedFilters,-1
https://cheerio.js.org/docs/api/type-aliases/BasicAcceptedElems,-1
https://cheerio.js.org/docs/api/type-aliases/FilterFunction,-1
https://cheerio.js.org/docs/api/type-aliases/SelectorType,-1
https://cheerio.js.org/docs/basics/loading,-1
https://cheerio.js.org/docs/basics/manipulation,-1
https://cheerio.js.org/docs/basics/selecting,-1
https://cheerio.js.org/docs/basics/traversing,-1
https://cheerio.js.org/docs/category/tutorials---advanced,-1
https://cheerio.js.org/docs/category/tutorials---basics,-1
https://cheerio.js.org/docs/intro,-1
