https://docs.cycling74.com/,-1
https://docs.cycling74.com/apiref/js/,-1
https://docs.cycling74.com/apiref/lom/,-1
https://docs.cycling74.com/apiref/nodeformax/,-1
https://docs.cycling74.com/learn/,-1
https://docs.cycling74.com/learn/series/jitter_geometry/,-1
https://docs.cycling74.com/learn/series/max-tutorials/,-1
https://docs.cycling74.com/learn/series/msp-tutorials/,-1
https://docs.cycling74.com/legacy,-1
https://docs.cycling74.com/legacy/,-1
https://docs.cycling74.com/reference/,-1
https://docs.cycling74.com/userguide/,-1
https://docs.cycling74.com/userguide/abl/,-1
https://docs.cycling74.com/userguide/abstractions/,-1
https://docs.cycling74.com/userguide/action_menu/,-1
https://docs.cycling74.com/userguide/arrays/,-1
https://docs.cycling74.com/userguide/audio_channels/,-1
https://docs.cycling74.com/userguide/bpatchers/,-1
https://docs.cycling74.com/userguide/color_palette/,-1
https://docs.cycling74.com/userguide/color_themes/,-1
https://docs.cycling74.com/userguide/conversion/,-1
https://docs.cycling74.com/userguide/custom_ui_objects/,-1
https://docs.cycling74.com/userguide/debugging_and_probing/,-1
https://docs.cycling74.com/userguide/dictionaries/,-1
https://docs.cycling74.com/userguide/documentation_window/,-1
https://docs.cycling74.com/userguide/dynamic_colors/,-1
https://docs.cycling74.com/userguide/error_messages/,-1
https://docs.cycling74.com/userguide/externals/,-1
https://docs.cycling74.com/userguide/external_text_editor/,-1
https://docs.cycling74.com/userguide/file_browser/,-1
https://docs.cycling74.com/userguide/filetypes/,-1
https://docs.cycling74.com/userguide/format_palette/,-1
https://docs.cycling74.com/userguide/frequency_domain/,-1
https://docs.cycling74.com/userguide/gen/gen_common_operators/,-1
https://docs.cycling74.com/userguide/gen/gen_genexpr/,-1
https://docs.cycling74.com/userguide/gen/gen_jitter_operators/,-1
https://docs.cycling74.com/userguide/gen/gen~_operators/,-1
https://docs.cycling74.com/userguide/gen/_gen_overview/,-1
https://docs.cycling74.com/userguide/illustration_mode/,-1
https://docs.cycling74.com/userguide/inspector/,-1
https://docs.cycling74.com/userguide/integers_vs_floats/,-1
https://docs.cycling74.com/userguide/javascript/,-1
https://docs.cycling74.com/userguide/jitter/depth_layer_blend/,-1
https://docs.cycling74.com/userguide/jitter/geometry/,-1
https://docs.cycling74.com/userguide/jitter/graphics_engine/,-1
https://docs.cycling74.com/userguide/jitter/graphics_processing/,-1
https://docs.cycling74.com/userguide/jitter/jitter_expr/,-1
https://docs.cycling74.com/userguide/jitter/jxs_file_format/,-1
https://docs.cycling74.com/userguide/jitter/matrix/,-1
https://docs.cycling74.com/userguide/jitter/render_passes/,-1
https://docs.cycling74.com/userguide/jitter/textures/,-1
https://docs.cycling74.com/userguide/jitter/video/,-1
https://docs.cycling74.com/userguide/jitter/video_engine/,-1
https://docs.cycling74.com/userguide/lua/jit_gl_lua_overview/,-1
https://docs.cycling74.com/userguide/mapping/,-1
https://docs.cycling74.com/userguide/max_console/,-1
https://docs.cycling74.com/userguide/max_define/,-1
https://docs.cycling74.com/userguide/mc/,-1
https://docs.cycling74.com/userguide/mc/mc_gen/,-1
https://docs.cycling74.com/userguide/mc/mc_wrapper/,-1
https://docs.cycling74.com/userguide/messages/,-1
https://docs.cycling74.com/userguide/message_types/,-1
https://docs.cycling74.com/userguide/midi/,-1
https://docs.cycling74.com/userguide/new_in_max9/,-1
https://docs.cycling74.com/userguide/non_realtime/,-1
https://docs.cycling74.com/userguide/object_reference/,-1
https://docs.cycling74.com/userguide/objects/,-1
https://docs.cycling74.com/userguide/OSC/,-1
https://docs.cycling74.com/userguide/package_manager/,-1
https://docs.cycling74.com/userguide/packages/,-1
https://docs.cycling74.com/userguide/param_connect/,-1
https://docs.cycling74.com/userguide/parameter_mode/,-1
https://docs.cycling74.com/userguide/patch_cords/,-1
https://docs.cycling74.com/userguide/patcher_lifecycle/,-1
https://docs.cycling74.com/userguide/patcher_window/,-1
https://docs.cycling74.com/userguide/patching/,-1
https://docs.cycling74.com/userguide/patching_mechanics/,-1
https://docs.cycling74.com/userguide/pattr/,-1
https://docs.cycling74.com/userguide/plugins/,-1
https://docs.cycling74.com/userguide/polyphony/,-1
https://docs.cycling74.com/userguide/preferences_and_settings/,-1
https://docs.cycling74.com/userguide/presets_and_interpolation/,-1
https://docs.cycling74.com/userguide/projects/,-1
https://docs.cycling74.com/userguide/prototypes/,-1
https://docs.cycling74.com/userguide/recording/,-1
https://docs.cycling74.com/userguide/rnbo/,-1
https://docs.cycling74.com/userguide/sample_accurate_messages/,-1
https://docs.cycling74.com/userguide/scripting_overview/,-1
https://docs.cycling74.com/userguide/search_path/,-1
https://docs.cycling74.com/userguide/sidebar_search/,-1
https://docs.cycling74.com/userguide/snapshots/,-1
https://docs.cycling74.com/userguide/snippets/,-1
https://docs.cycling74.com/userguide/strings/,-1
https://docs.cycling74.com/userguide/styles/,-1
https://docs.cycling74.com/userguide/subpatchers/,-1
https://docs.cycling74.com/userguide/syntax_coloring/,-1
https://docs.cycling74.com/userguide/templates/,-1
https://docs.cycling74.com/userguide/web_browser/,-1
