https://lukesmith.xyz/,-1
https://lukesmith.xyz/articles,-1
https://lukesmith.xyz/articles/,-1
https://lukesmith.xyz/articles/blockchain-blasphemy/,-1
https://lukesmith.xyz/articles/christianity-based-paganism/,-1
https://lukesmith.xyz/articles/command-line-bibles/,-1
https://lukesmith.xyz/articles/consciousness-and-materialism/,-1
https://lukesmith.xyz/articles/conspiratorial-thinking-and-multiple-outs/,-1
https://lukesmith.xyz/articles/crypto,-1
https://lukesmith.xyz/articles/crypto.html,-1
https://lukesmith.xyz/articles/every-web-browser-absolutely-sucks/,-1
https://lukesmith.xyz/articles/hating-brave-is-cool/,-1
https://lukesmith.xyz/articles/hedonism-asceticism-and-the-hermetic-answer/,-1
https://lukesmith.xyz/articles/learn-chinese/,-1
https://lukesmith.xyz/articles/learning-european-languages-michel-thomas/,-1
https://lukesmith.xyz/articles/learning-european-languages-michel-thomas/chinese,-1
https://lukesmith.xyz/articles/learning-european-languages-michel-thomas/chinese.html,-1
https://lukesmith.xyz/articles/learning-european-languages-michel-thomas/learning-languages,-1
https://lukesmith.xyz/articles/learning-european-languages-michel-thomas/learning-languages.html,-1
https://lukesmith.xyz/articles/learn-latin/,-1
https://lukesmith.xyz/articles/making-free-money-off-credit-cards,-1
https://lukesmith.xyz/articles/making-free-money-off-credit-cards/,-1
https://lukesmith.xyz/articles/matrix-vs-xmpp/,-1
https://lukesmith.xyz/articles/minimizing-liabilities-is-making-it/,-1
https://lukesmith.xyz/articles/modern-freedom-means-being-a-slave-to-impulses,-1
https://lukesmith.xyz/articles/modern-freedom-means-being-a-slave-to-impulses/,-1
https://lukesmith.xyz/articles/monero-and-other-privacy-coins/,-1
https://lukesmith.xyz/articles/monero-maximalism-or-how-bitcoin-is-a-coin/,-1
https://lukesmith.xyz/articles/no-restaurants-in-2023/,-1
https://lukesmith.xyz/articles/notes-on-learning-languages/,-1
https://lukesmith.xyz/articles/notes-on-learning-languages/learning-european-languages-michel-thomas,-1
https://lukesmith.xyz/articles/notes-on-learning-languages/learning-european-languages-michel-thomas.html,-1
https://lukesmith.xyz/articles/obscenities-are-symptoms-of-weak-minds/,-1
https://lukesmith.xyz/articles/obvious-technical-solutions/,-1
https://lukesmith.xyz/articles/only-use-old-computers/,-1
https://lukesmith.xyz/articles/other-langs/,-1
https://lukesmith.xyz/articles/politics-matters-most-to-slaves/,-1
https://lukesmith.xyz/articles/reviews-of-all-linux-distros-that-matter/,-1
https://lukesmith.xyz/articles/science-vs-soyence/,-1
https://lukesmith.xyz/articles/the-fragility-of-physics/,-1
https://lukesmith.xyz/articles/the-parable-of-alien-chess/,-1
https://lukesmith.xyz/articles/the-problems-with-utilitarianism/,-1
https://lukesmith.xyz/articles/veganism-is-the-pinnacle-of-bugmanism/,-1
https://lukesmith.xyz/articles/wanna-learn-latex/,-1
https://lukesmith.xyz/articles/we-want-our-4-causes-back/,-1
https://lukesmith.xyz/articles/why-do-i-so-rarely-talk-about-politics-on-my-channel,-1
https://lukesmith.xyz/articles/why-do-i-so-rarely-talk-about-politics-on-my-channel/,-1
https://lukesmith.xyz/articles/why-its-bad-to-have-high-gdp/,-1
https://lukesmith.xyz/articles/why-i-use-the-gpl-and-not-cuck-licenses/,-1
https://lukesmith.xyz/bitcoin,-1
https://lukesmith.xyz/bitcoin/,-1
https://lukesmith.xyz/blog/le-shill-lion,-1
https://lukesmith.xyz/contact,-1
https://lukesmith.xyz/contact/,-1
https://lukesmith.xyz/donate,-1
https://lukesmith.xyz/donate/,-1
https://lukesmith.xyz/library,-1
https://lukesmith.xyz/library/,-1
https://lukesmith.xyz/links,-1
https://lukesmith.xyz/links/,-1
https://lukesmith.xyz/lukesmith.gpg,-1
https://lukesmith.xyz/monero,-1
https://lukesmith.xyz/monero/,-1
https://lukesmith.xyz/pix/vegan_protein.jpeg,-1
https://lukesmith.xyz/posts/monero-maximalism-or-how-bitcoin-is-a-coin,-1
https://lukesmith.xyz/programs,-1
https://lukesmith.xyz/programs/,-1
https://lukesmith.xyz/tags/crypto,-1
https://lukesmith.xyz/tags/crypto/,-1
https://lukesmith.xyz/tags/economics,-1
https://lukesmith.xyz/tags/economics/,-1
https://lukesmith.xyz/tags/language,-1
https://lukesmith.xyz/tags/language/,-1
https://lukesmith.xyz/tags/lifestyle,-1
https://lukesmith.xyz/tags/lifestyle/,-1
https://lukesmith.xyz/tags/linux,-1
https://lukesmith.xyz/tags/linux/,-1
https://lukesmith.xyz/tags/personal,-1
https://lukesmith.xyz/tags/personal/,-1
https://lukesmith.xyz/tags/philosophy,-1
https://lukesmith.xyz/tags/philosophy/,-1
https://lukesmith.xyz/tags/politics,-1
https://lukesmith.xyz/tags/politics/,-1
https://lukesmith.xyz/tags/recommended,-1
https://lukesmith.xyz/tags/recommended/,-1
https://lukesmith.xyz/tags/religion,-1
https://lukesmith.xyz/tags/religion/,-1
https://lukesmith.xyz/tags/science,-1
https://lukesmith.xyz/tags/science/,-1
https://lukesmith.xyz/tags/software,-1
https://lukesmith.xyz/tags/software/,-1
https://lukesmith.xyz/tags/technology,-1
https://lukesmith.xyz/tags/technology/,-1
https://lukesmith.xyz/tags/tradition,-1
https://lukesmith.xyz/tags/tradition/,-1
https://lukesmith.xyz/tags/tutorial,-1
https://lukesmith.xyz/tags/tutorial/,-1
https://lukesmith.xyz/tags/updates,-1
https://lukesmith.xyz/tags/updates/,-1
https://lukesmith.xyz/updates/,-1
https://lukesmith.xyz/updates/based-cooking-hugo-search/,-1
https://lukesmith.xyz/updates/bringing-back-oldschool-web-pins-and-buttons/,-1
https://lukesmith.xyz/updates/deletion/,-1
https://lukesmith.xyz/updates/greece-albania-montenegro-2023-summer/,-1
https://lukesmith.xyz/updates/i-appeared-on-monero-talk/,-1
https://lukesmith.xyz/updates/i-appeared-on-monero-talk/monero-maximalism-or-how-bitcoin-is-a-coin,-1
https://lukesmith.xyz/updates/i-appeared-on-monero-talk/monero-maximalism-or-how-bitcoin-is-a-coin.html,-1
https://lukesmith.xyz/updates/important-lindypress-undergoing-some-updates/,-1
https://lukesmith.xyz/updates/important-notes-for-larbs-users/,-1
https://lukesmith.xyz/updates/late-livestream-on-youtube-asap/,-1
https://lukesmith.xyz/updates/lindypress-bug-fix/,-1
https://lukesmith.xyz/updates/linuxfest-2022-announcement/,-1
https://lukesmith.xyz/updates/livestream-on-youtube-right-now/,-1
https://lukesmith.xyz/updates/livestream-on-youtube-within-an-hour-or-so/,-1
https://lukesmith.xyz/updates/my-blog-system-now-has-tagging-all-pure-posix-shell-of-course/,-1
https://lukesmith.xyz/updates/my-searx-instance-has-changed-domains/,-1
https://lukesmith.xyz/updates/odysee-stream-over-worked-well/,-1
https://lukesmith.xyz/updates/retiring-fiat-donation-portal/,-1
https://lukesmith.xyz/updates/stay-frosty-possible-test-stream-on-peertube-and-youtube-in-a-bit/,-1
https://lukesmith.xyz/updates/testing-out-the-odysee-livestreaming-check-it-out-now/,-1
https://lukesmith.xyz/updates/the-classical-book-reprinting-site-is-live-lindypressnet/,-1
https://lukesmith.xyz/updates/youtube-stream-now/,-1
