https://developer.wordpress.org/, -1
https://developer.wordpress.org/advanced-administration/, -1
https://developer.wordpress.org/apis/, -1
https://developer.wordpress.org/apis/security/nonces/, -1
https://developer.wordpress.org/block-editor/, -1
https://developer.wordpress.org/cli/commands, -1
https://developer.wordpress.org/cli/commands/, -1
https://developer.wordpress.org/coding-standards/, -1
https://developer.wordpress.org/comments/feed/, -1
https://developer.wordpress.org/feed/, -1
https://developer.wordpress.org/news/, -1
https://developer.wordpress.org/news/2024/09/10/whats-new-for-developers-september-2024/, -1
https://developer.wordpress.org/news/2024/09/17/how-to-build-a-multi-block-plugin/, -1
https://developer.wordpress.org/news/2024/09/23/actions-from-data-views-adding-images-to-the-media-library/, -1
https://developer.wordpress.org/news/category/advanced/, -1
https://developer.wordpress.org/news/category/blocks/, -1
https://developer.wordpress.org/news/category/plugins/, -1
https://developer.wordpress.org/news/category/themes/, -1
https://developer.wordpress.org/playground/, -1
https://developer.wordpress.org/plugins/, -1
https://developer.wordpress.org/reference/, -1
https://developer.wordpress.org/reference/since/6.6.0/, -1
https://developer.wordpress.org/rest-api/, -1
https://developer.wordpress.org/rest-api/changelog/, -1
https://developer.wordpress.org/rest-api/extending-the-rest-api/, -1
https://developer.wordpress.org/rest-api/extending-the-rest-api/adding-custom-endpoints/, -1
https://developer.wordpress.org/rest-api/extending-the-rest-api/adding-rest-api-support-for-custom-content-types/, -1
https://developer.wordpress.org/rest-api/extending-the-rest-api/controller-classes/, -1
https://developer.wordpress.org/rest-api/extending-the-rest-api/modifying-responses/, -1
https://developer.wordpress.org/rest-api/extending-the-rest-api/routes-and-endpoints/, -1
https://developer.wordpress.org/rest-api/extending-the-rest-api/schema/, -1
https://developer.wordpress.org/rest-api/frequently-asked-questions/, -1
https://developer.wordpress.org/rest-api/glossary/, -1
https://developer.wordpress.org/rest-api/key-concepts/, -1
https://developer.wordpress.org/rest-api/reference/, -1
https://developer.wordpress.org/rest-api/reference/application-passwords/, -1
https://developer.wordpress.org/rest-api/reference/block-directory-items/, -1
https://developer.wordpress.org/rest-api/reference/block-pattern-categories/, -1
https://developer.wordpress.org/rest-api/reference/block-patterns/, -1
https://developer.wordpress.org/rest-api/reference/block-revisions/, -1
https://developer.wordpress.org/rest-api/reference/blocks/, -1
https://developer.wordpress.org/rest-api/reference/block-types/, -1
https://developer.wordpress.org/rest-api/reference/categories/, -1
https://developer.wordpress.org/rest-api/reference/comments/, -1
https://developer.wordpress.org/rest-api/reference/media/, -1
https://developer.wordpress.org/rest-api/reference/menu-locations/, -1
https://developer.wordpress.org/rest-api/reference/nav_menu_item-revisions/, -1
https://developer.wordpress.org/rest-api/reference/nav_menu_items/, -1
https://developer.wordpress.org/rest-api/reference/nav_menus/, -1
https://developer.wordpress.org/rest-api/reference/page-revisions/, -1
https://developer.wordpress.org/rest-api/reference/pages/, -1
https://developer.wordpress.org/rest-api/reference/pattern-directory-items/, -1
https://developer.wordpress.org/rest-api/reference/plugins/, -1
https://developer.wordpress.org/rest-api/reference/post-revisions/, -1
https://developer.wordpress.org/rest-api/reference/posts/, -1
https://developer.wordpress.org/rest-api/reference/post-statuses/, -1
https://developer.wordpress.org/rest-api/reference/post-types/, -1
https://developer.wordpress.org/rest-api/reference/rendered-blocks/, -1
https://developer.wordpress.org/rest-api/reference/search-results/, -1
https://developer.wordpress.org/rest-api/reference/settings/, -1
https://developer.wordpress.org/rest-api/reference/sidebars/, -1
https://developer.wordpress.org/rest-api/reference/tags/, -1
https://developer.wordpress.org/rest-api/reference/taxonomies/, -1
https://developer.wordpress.org/rest-api/reference/themes/, -1
https://developer.wordpress.org/rest-api/reference/users/, -1
https://developer.wordpress.org/rest-api/reference/widgets/, -1
https://developer.wordpress.org/rest-api/reference/widget-types/, -1
https://developer.wordpress.org/rest-api/reference/wp_global_styles/, -1
https://developer.wordpress.org/rest-api/reference/wp_navigation-revisions/, -1
https://developer.wordpress.org/rest-api/reference/wp_navigations/, -1
https://developer.wordpress.org/rest-api/reference/wp-site-health-tests/, -1
https://developer.wordpress.org/rest-api/reference/wp_template_part-revisions/, -1
https://developer.wordpress.org/rest-api/reference/wp_template_parts/, -1
https://developer.wordpress.org/rest-api/reference/wp_template-revisions/, -1
https://developer.wordpress.org/rest-api/reference/wp_templates/, -1
https://developer.wordpress.org/rest-api/requests/, -1
https://developer.wordpress.org/rest-api/using-the-rest-api/, -1
https://developer.wordpress.org/rest-api/using-the-rest-api/authentication/, -1
https://developer.wordpress.org/rest-api/using-the-rest-api/backbone-javascript-client/, -1
https://developer.wordpress.org/rest-api/using-the-rest-api/client-libraries/, -1
https://developer.wordpress.org/rest-api/using-the-rest-api/discovery/, -1
https://developer.wordpress.org/rest-api/using-the-rest-api/global-parameters/, -1
https://developer.wordpress.org/rest-api/using-the-rest-api/linking-and-embedding/, -1
https://developer.wordpress.org/rest-api/using-the-rest-api/pagination/, -1
https://developer.wordpress.org/themes/, -1
https://developer.wordpress.org/wp-json/, -1
https://developer.wordpress.org/wp-json/wp/v2/pages/5764, -1
https://developer.wordpress.org/wp-json/wp/v2/rest-api-handbook/22832, -1
https://developer.wordpress.org/wp-json/wp/v2/rest-api-handbook/22840, -1
