https://ts.llamaindex.ai/,-1
https://ts.llamaindex.ai/docs/api,-1
https://ts.llamaindex.ai/docs/api/classes/AgentRunner,-1
https://ts.llamaindex.ai/docs/api/classes/AgentWorker,-1
https://ts.llamaindex.ai/docs/api/classes/Anthropic,-1
https://ts.llamaindex.ai/docs/api/classes/AnthropicAgent,-1
https://ts.llamaindex.ai/docs/api/classes/AnthropicAgentWorker,-1
https://ts.llamaindex.ai/docs/api/classes/AstraDBVectorStore,-1
https://ts.llamaindex.ai/docs/api/classes/AudioSubtitlesReader,-1
https://ts.llamaindex.ai/docs/api/classes/AudioTranscriptParagraphsReader,-1
https://ts.llamaindex.ai/docs/api/classes/AudioTranscriptReader,-1
https://ts.llamaindex.ai/docs/api/classes/AudioTranscriptSentencesReader,-1
https://ts.llamaindex.ai/docs/api/classes/AzureAISearchVectorStore,-1
https://ts.llamaindex.ai/docs/api/classes/AzureCosmosDBMongoDBVectorStore,-1
https://ts.llamaindex.ai/docs/api/classes/AzureCosmosDBNoSqlVectorStore,-1
https://ts.llamaindex.ai/docs/api/classes/AzureCosmosNoSqlChatStore,-1
https://ts.llamaindex.ai/docs/api/classes/AzureCosmosNoSqlDocumentStore,-1
https://ts.llamaindex.ai/docs/api/classes/AzureCosmosNoSqlIndexStore,-1
https://ts.llamaindex.ai/docs/api/classes/AzureCosmosNoSqlKVStore,-1
https://ts.llamaindex.ai/docs/api/classes/AzureCosmosVCoreChatStore,-1
https://ts.llamaindex.ai/docs/api/classes/AzureCosmosVCoreDocumentStore,-1
https://ts.llamaindex.ai/docs/api/classes/AzureCosmosVCoreIndexStore,-1
https://ts.llamaindex.ai/docs/api/classes/AzureCosmosVCoreKVStore,-1
https://ts.llamaindex.ai/docs/api/classes/AzureDynamicSessionTool,-1
https://ts.llamaindex.ai/docs/api/classes/AzureQueryResultSearchBase,-1
https://ts.llamaindex.ai/docs/api/classes/AzureQueryResultSearchDefault,-1
https://ts.llamaindex.ai/docs/api/classes/AzureQueryResultSearchHybrid,-1
https://ts.llamaindex.ai/docs/api/classes/AzureQueryResultSearchSemanticHybrid,-1
https://ts.llamaindex.ai/docs/api/classes/AzureQueryResultSearchSparse,-1
https://ts.llamaindex.ai/docs/api/classes/BaseChatEngine,-1
https://ts.llamaindex.ai/docs/api/classes/BaseChatStore,-1
https://ts.llamaindex.ai/docs/api/classes/BaseDocumentStore,-1
https://ts.llamaindex.ai/docs/api/classes/BaseEmbedding,-1
https://ts.llamaindex.ai/docs/api/classes/BaseExtractor,-1
https://ts.llamaindex.ai/docs/api/classes/BaseIndex,-1
https://ts.llamaindex.ai/docs/api/classes/BaseIndexStore,-1
https://ts.llamaindex.ai/docs/api/classes/BaseInMemoryKVStore,-1
https://ts.llamaindex.ai/docs/api/classes/BaseKVStore,-1
https://ts.llamaindex.ai/docs/api/classes/BaseLLM,-1
https://ts.llamaindex.ai/docs/api/classes/BaseMemory,-1
https://ts.llamaindex.ai/docs/api/classes/BaseNode,-1
https://ts.llamaindex.ai/docs/api/classes/BasePromptTemplate,-1
https://ts.llamaindex.ai/docs/api/classes/BaseQueryEngine,-1
https://ts.llamaindex.ai/docs/api/classes/BaseRetriever,-1
https://ts.llamaindex.ai/docs/api/classes/BaseSelector,-1
https://ts.llamaindex.ai/docs/api/classes/BaseSynthesizer,-1
https://ts.llamaindex.ai/docs/api/classes/BaseVectorStore,-1
https://ts.llamaindex.ai/docs/api/classes/CallbackManager,-1
https://ts.llamaindex.ai/docs/api/classes/ChatMemoryBuffer,-1
https://ts.llamaindex.ai/docs/api/classes/ChatSummaryMemoryBuffer,-1
https://ts.llamaindex.ai/docs/api/classes/ChromaVectorStore,-1
https://ts.llamaindex.ai/docs/api/classes/ClipEmbedding,-1
https://ts.llamaindex.ai/docs/api/classes/CodeSplitter,-1
https://ts.llamaindex.ai/docs/api/classes/CohereRerank,-1
https://ts.llamaindex.ai/docs/api/classes/CompactAndRefine,-1
https://ts.llamaindex.ai/docs/api/classes/CondenseQuestionChatEngine,-1
https://ts.llamaindex.ai/docs/api/classes/ContextChatEngine,-1
https://ts.llamaindex.ai/docs/api/classes/CorrectnessEvaluator,-1
https://ts.llamaindex.ai/docs/api/classes/CSVReader,-1
https://ts.llamaindex.ai/docs/api/classes/DeepInfra,-1
https://ts.llamaindex.ai/docs/api/classes/DeepInfraEmbedding,-1
https://ts.llamaindex.ai/docs/api/classes/DeepSeekLLM,-1
https://ts.llamaindex.ai/docs/api/classes/DefaultContextGenerator,-1
https://ts.llamaindex.ai/docs/api/classes/DiscordReader,-1
https://ts.llamaindex.ai/docs/api/classes/Document,-1
https://ts.llamaindex.ai/docs/api/classes/DocxReader,-1
https://ts.llamaindex.ai/docs/api/classes/EngineResponse,-1
https://ts.llamaindex.ai/docs/api/classes/FaithfulnessEvaluator,-1
https://ts.llamaindex.ai/docs/api/classes/FileReader,-1
https://ts.llamaindex.ai/docs/api/classes/FireworksEmbedding,-1
https://ts.llamaindex.ai/docs/api/classes/FireworksLLM,-1
https://ts.llamaindex.ai/docs/api/classes/FunctionTool,-1
https://ts.llamaindex.ai/docs/api/classes/Gemini,-1
https://ts.llamaindex.ai/docs/api/classes/GeminiEmbedding,-1
https://ts.llamaindex.ai/docs/api/classes/GeminiSession,-1
https://ts.llamaindex.ai/docs/api/classes/GeminiVertexSession,-1
https://ts.llamaindex.ai/docs/api/classes/Groq,-1
https://ts.llamaindex.ai/docs/api/classes/HTMLNodeParser,-1
https://ts.llamaindex.ai/docs/api/classes/HTMLReader,-1
https://ts.llamaindex.ai/docs/api/classes/HuggingFaceEmbedding,-1
https://ts.llamaindex.ai/docs/api/classes/HuggingFaceInferenceAPI,-1
https://ts.llamaindex.ai/docs/api/classes/HuggingFaceInferenceAPIEmbedding,-1
https://ts.llamaindex.ai/docs/api/classes/HuggingFaceLLM,-1
https://ts.llamaindex.ai/docs/api/classes/ImageDocument,-1
https://ts.llamaindex.ai/docs/api/classes/ImageNode,-1
https://ts.llamaindex.ai/docs/api/classes/ImageReader,-1
https://ts.llamaindex.ai/docs/api/classes/IndexDict,-1
https://ts.llamaindex.ai/docs/api/classes/IndexList,-1
https://ts.llamaindex.ai/docs/api/classes/IndexNode,-1
https://ts.llamaindex.ai/docs/api/classes/IndexStruct,-1
https://ts.llamaindex.ai/docs/api/classes/IngestionPipeline,-1
https://ts.llamaindex.ai/docs/api/classes/JinaAIEmbedding,-1
https://ts.llamaindex.ai/docs/api/classes/JinaAIReranker,-1
https://ts.llamaindex.ai/docs/api/classes/JSONParseError,-1
https://ts.llamaindex.ai/docs/api/classes/JSONReader,-1
https://ts.llamaindex.ai/docs/api/classes/JSONReaderError,-1
https://ts.llamaindex.ai/docs/api/classes/JSONStringifyError,-1
https://ts.llamaindex.ai/docs/api/classes/KeywordExtractor,-1
https://ts.llamaindex.ai/docs/api/classes/KeywordTable,-1
https://ts.llamaindex.ai/docs/api/classes/KeywordTableIndex,-1
https://ts.llamaindex.ai/docs/api/classes/KeywordTableLLMRetriever,-1
https://ts.llamaindex.ai/docs/api/classes/KeywordTableRAKERetriever,-1
https://ts.llamaindex.ai/docs/api/classes/KeywordTableSimpleRetriever,-1
https://ts.llamaindex.ai/docs/api/classes/KVDocumentStore,-1
https://ts.llamaindex.ai/docs/api/classes/KVIndexStore,-1
https://ts.llamaindex.ai/docs/api/classes/LLamaCloudFileService,-1
https://ts.llamaindex.ai/docs/api/classes/LlamaCloudIndex,-1
https://ts.llamaindex.ai/docs/api/classes/LlamaCloudRetriever,-1
https://ts.llamaindex.ai/docs/api/classes/LlamaParseReader,-1
https://ts.llamaindex.ai/docs/api/classes/LLMAgent,-1
https://ts.llamaindex.ai/docs/api/classes/LLMAgentWorker,-1
https://ts.llamaindex.ai/docs/api/classes/LLMMultiSelector,-1
https://ts.llamaindex.ai/docs/api/classes/LLMQuestionGenerator,-1
https://ts.llamaindex.ai/docs/api/classes/LLMSingleSelector,-1
https://ts.llamaindex.ai/docs/api/classes/MarkdownNodeParser,-1
https://ts.llamaindex.ai/docs/api/classes/MarkdownReader,-1
https://ts.llamaindex.ai/docs/api/classes/MetadataAwareTextSplitter,-1
https://ts.llamaindex.ai/docs/api/classes/MetadataReplacementPostProcessor,-1
https://ts.llamaindex.ai/docs/api/classes/MilvusVectorStore,-1
https://ts.llamaindex.ai/docs/api/classes/MistralAI,-1
https://ts.llamaindex.ai/docs/api/classes/MistralAIEmbedding,-1
https://ts.llamaindex.ai/docs/api/classes/MistralAISession,-1
https://ts.llamaindex.ai/docs/api/classes/MixedbreadAIEmbeddings,-1
https://ts.llamaindex.ai/docs/api/classes/MixedbreadAIReranker,-1
https://ts.llamaindex.ai/docs/api/classes/MongoDBAtlasVectorSearch,-1
https://ts.llamaindex.ai/docs/api/classes/MultiModalEmbedding,-1
https://ts.llamaindex.ai/docs/api/classes/NodeParser,-1
https://ts.llamaindex.ai/docs/api/classes/NotionReader,-1
https://ts.llamaindex.ai/docs/api/classes/ObjectIndex,-1
https://ts.llamaindex.ai/docs/api/classes/ObsidianReader,-1
https://ts.llamaindex.ai/docs/api/classes/Ollama,-1
https://ts.llamaindex.ai/docs/api/classes/OllamaAgent,-1
https://ts.llamaindex.ai/docs/api/classes/OllamaAgentWorker,-1
https://ts.llamaindex.ai/docs/api/classes/OllamaEmbedding,-1
https://ts.llamaindex.ai/docs/api/classes/OpenAI,-1
https://ts.llamaindex.ai/docs/api/classes/OpenAIAgent,-1
https://ts.llamaindex.ai/docs/api/classes/OpenAIAgentWorker,-1
https://ts.llamaindex.ai/docs/api/classes/OpenAIEmbedding,-1
https://ts.llamaindex.ai/docs/api/classes/PapaCSVReader,-1
https://ts.llamaindex.ai/docs/api/classes/PDFReader,-1
https://ts.llamaindex.ai/docs/api/classes/PGVectorStore,-1
https://ts.llamaindex.ai/docs/api/classes/PineconeVectorStore,-1
https://ts.llamaindex.ai/docs/api/classes/Portkey,-1
https://ts.llamaindex.ai/docs/api/classes/PostgresDocumentStore,-1
https://ts.llamaindex.ai/docs/api/classes/PostgresIndexStore,-1
https://ts.llamaindex.ai/docs/api/classes/PostgresKVStore,-1
https://ts.llamaindex.ai/docs/api/classes/PromptHelper,-1
https://ts.llamaindex.ai/docs/api/classes/PromptMixin,-1
https://ts.llamaindex.ai/docs/api/classes/PromptTemplate,-1
https://ts.llamaindex.ai/docs/api/classes/QdrantVectorStore,-1
https://ts.llamaindex.ai/docs/api/classes/QueryEngineTool,-1
https://ts.llamaindex.ai/docs/api/classes/QuestionsAnsweredExtractor,-1
https://ts.llamaindex.ai/docs/api/classes/ReActAgent,-1
https://ts.llamaindex.ai/docs/api/classes/ReACTAgentWorker,-1
https://ts.llamaindex.ai/docs/api/classes/Refine,-1
https://ts.llamaindex.ai/docs/api/classes/RelevancyEvaluator,-1
https://ts.llamaindex.ai/docs/api/classes/ReplicateLLM,-1
https://ts.llamaindex.ai/docs/api/classes/ReplicateSession,-1
https://ts.llamaindex.ai/docs/api/classes/ResponseSynthesizer,-1
https://ts.llamaindex.ai/docs/api/classes/RetrieverQueryEngine,-1
https://ts.llamaindex.ai/docs/api/classes/RouterQueryEngine,-1
https://ts.llamaindex.ai/docs/api/classes/SentenceSplitter,-1
https://ts.llamaindex.ai/docs/api/classes/SentenceWindowNodeParser,-1
https://ts.llamaindex.ai/docs/api/classes/SimilarityPostprocessor,-1
https://ts.llamaindex.ai/docs/api/classes/SimpleChatEngine,-1
https://ts.llamaindex.ai/docs/api/classes/SimpleChatStore,-1
https://ts.llamaindex.ai/docs/api/classes/SimpleCosmosDBReader,-1
https://ts.llamaindex.ai/docs/api/classes/SimpleDirectoryReader,-1
https://ts.llamaindex.ai/docs/api/classes/SimpleDocumentStore,-1
https://ts.llamaindex.ai/docs/api/classes/SimpleIndexStore,-1
https://ts.llamaindex.ai/docs/api/classes/SimpleKVStore,-1
https://ts.llamaindex.ai/docs/api/classes/SimpleMongoReader,-1
https://ts.llamaindex.ai/docs/api/classes/SimpleResponseBuilder,-1
https://ts.llamaindex.ai/docs/api/classes/SimpleToolNodeMapping,-1
https://ts.llamaindex.ai/docs/api/classes/SimpleVectorStore,-1
https://ts.llamaindex.ai/docs/api/classes/SubQuestionOutputParser,-1
https://ts.llamaindex.ai/docs/api/classes/SubQuestionQueryEngine,-1
https://ts.llamaindex.ai/docs/api/classes/SummaryExtractor,-1
https://ts.llamaindex.ai/docs/api/classes/SummaryIndex,-1
https://ts.llamaindex.ai/docs/api/classes/SummaryIndexLLMRetriever,-1
https://ts.llamaindex.ai/docs/api/classes/SummaryIndexRetriever,-1
https://ts.llamaindex.ai/docs/api/classes/TextFileReader,-1
https://ts.llamaindex.ai/docs/api/classes/TextNode,-1
https://ts.llamaindex.ai/docs/api/classes/TextSplitter,-1
https://ts.llamaindex.ai/docs/api/classes/TitleExtractor,-1
https://ts.llamaindex.ai/docs/api/classes/TogetherEmbedding,-1
https://ts.llamaindex.ai/docs/api/classes/TogetherLLM,-1
https://ts.llamaindex.ai/docs/api/classes/TokenTextSplitter,-1
https://ts.llamaindex.ai/docs/api/classes/ToolCallLLM,-1
https://ts.llamaindex.ai/docs/api/classes/TransformComponent,-1
https://ts.llamaindex.ai/docs/api/classes/TreeSummarize,-1
https://ts.llamaindex.ai/docs/api/classes/UpstashVectorStore,-1
https://ts.llamaindex.ai/docs/api/classes/VectorIndexRetriever,-1
https://ts.llamaindex.ai/docs/api/classes/VectorStoreBase,-1
https://ts.llamaindex.ai/docs/api/classes/VectorStoreIndex,-1
https://ts.llamaindex.ai/docs/api/classes/VLLM,-1
https://ts.llamaindex.ai/docs/api/classes/WeaviateVectorStore,-1
https://ts.llamaindex.ai/docs/api/enumerations/ClipEmbeddingModelType,-1
https://ts.llamaindex.ai/docs/api/enumerations/FilterCondition,-1
https://ts.llamaindex.ai/docs/api/enumerations/FilterOperator,-1
https://ts.llamaindex.ai/docs/api/enumerations/GEMINI_EMBEDDING_MODEL,-1
https://ts.llamaindex.ai/docs/api/enumerations/GEMINI_MODEL,-1
https://ts.llamaindex.ai/docs/api/enumerations/HuggingFaceEmbeddingModelType,-1
https://ts.llamaindex.ai/docs/api/enumerations/IndexManagement,-1
https://ts.llamaindex.ai/docs/api/enumerations/KeywordTableRetrieverMode,-1
https://ts.llamaindex.ai/docs/api/enumerations/MetadataIndexFieldType,-1
https://ts.llamaindex.ai/docs/api/enumerations/MetadataMode,-1
https://ts.llamaindex.ai/docs/api/enumerations/MistralAIEmbeddingModelType,-1
https://ts.llamaindex.ai/docs/api/enumerations/ModalityType,-1
https://ts.llamaindex.ai/docs/api/enumerations/NodeRelationship,-1
https://ts.llamaindex.ai/docs/api/enumerations/ObjectType,-1
https://ts.llamaindex.ai/docs/api/enumerations/ReplicateChatStrategy,-1
https://ts.llamaindex.ai/docs/api/enumerations/SimilarityType,-1
https://ts.llamaindex.ai/docs/api/enumerations/SummaryRetrieverMode,-1
https://ts.llamaindex.ai/docs/api/enumerations/VectorStoreQueryMode,-1
https://ts.llamaindex.ai/docs/api/functions/addNodesToVectorStores,-1
https://ts.llamaindex.ai/docs/api/functions/batchEmbeddings,-1
https://ts.llamaindex.ai/docs/api/functions/buildNodeFromSplits,-1
https://ts.llamaindex.ai/docs/api/functions/callTool,-1
https://ts.llamaindex.ai/docs/api/functions/consumeAsyncIterable,-1
https://ts.llamaindex.ai/docs/api/functions/createMessageContent,-1
https://ts.llamaindex.ai/docs/api/functions/createReadableStream,-1
https://ts.llamaindex.ai/docs/api/functions/defaultEvaluationParser,-1
https://ts.llamaindex.ai/docs/api/functions/docToJson,-1
https://ts.llamaindex.ai/docs/api/functions/escapeLikeString,-1
https://ts.llamaindex.ai/docs/api/functions/exists,-1
https://ts.llamaindex.ai/docs/api/functions/getBiggestPrompt,-1
https://ts.llamaindex.ai/docs/api/functions/getResponseSynthesizer,-1
https://ts.llamaindex.ai/docs/api/functions/getSelectorFromContext,-1
https://ts.llamaindex.ai/docs/api/functions/getTopKEmbeddings,-1
https://ts.llamaindex.ai/docs/api/functions/getTopKMMREmbeddings,-1
https://ts.llamaindex.ai/docs/api/functions/imageToDataUrl,-1
https://ts.llamaindex.ai/docs/api/functions/isValidDocJson,-1
https://ts.llamaindex.ai/docs/api/functions/jsonToDoc,-1
https://ts.llamaindex.ai/docs/api/functions/jsonToIndexStruct,-1
https://ts.llamaindex.ai/docs/api/functions/jsonToNode,-1
https://ts.llamaindex.ai/docs/api/functions/metadataDictToNode,-1
https://ts.llamaindex.ai/docs/api/functions/nodeToMetadata,-1
https://ts.llamaindex.ai/docs/api/functions/parseArrayValue,-1
https://ts.llamaindex.ai/docs/api/functions/parseJsonMarkdown,-1
https://ts.llamaindex.ai/docs/api/functions/parseNumberValue,-1
https://ts.llamaindex.ai/docs/api/functions/parsePrimitiveValue,-1
https://ts.llamaindex.ai/docs/api/functions/runTransformations,-1
https://ts.llamaindex.ai/docs/api/functions/serviceContextFromDefaults,-1
https://ts.llamaindex.ai/docs/api/functions/serviceContextFromServiceContext,-1
https://ts.llamaindex.ai/docs/api/functions/similarity,-1
https://ts.llamaindex.ai/docs/api/functions/splitByChar,-1
https://ts.llamaindex.ai/docs/api/functions/splitByPhraseRegex,-1
https://ts.llamaindex.ai/docs/api/functions/splitByRegex,-1
https://ts.llamaindex.ai/docs/api/functions/splitBySentenceTokenizer,-1
https://ts.llamaindex.ai/docs/api/functions/splitBySep,-1
https://ts.llamaindex.ai/docs/api/functions/splitNodesByType,-1
https://ts.llamaindex.ai/docs/api/functions/stepTools,-1
https://ts.llamaindex.ai/docs/api/functions/stepToolsStreaming,-1
https://ts.llamaindex.ai/docs/api/functions/storageContextFromDefaults,-1
https://ts.llamaindex.ai/docs/api/functions/truncateMaxTokens,-1
https://ts.llamaindex.ai/docs/api/functions/truncateText,-1
https://ts.llamaindex.ai/docs/api/functions/validateAgentParams,-1
https://ts.llamaindex.ai/docs/api/functions/validateIsFlat,-1
https://ts.llamaindex.ai/docs/api/functions/walk,-1
https://ts.llamaindex.ai/docs/api/interfaces/AadTokenOptions,-1
https://ts.llamaindex.ai/docs/api/interfaces/AccountAndKeyOptions,-1
https://ts.llamaindex.ai/docs/api/interfaces/AzureAISearchOptions,-1
https://ts.llamaindex.ai/docs/api/interfaces/AzureCosmosChatContainerProperties,-1
https://ts.llamaindex.ai/docs/api/interfaces/AzureCosmosChatDatabaseProperties,-1
https://ts.llamaindex.ai/docs/api/interfaces/AzureCosmosDBNoSQLConfig,-1
https://ts.llamaindex.ai/docs/api/interfaces/AzureCosmosDBNoSQLInitOptions,-1
https://ts.llamaindex.ai/docs/api/interfaces/AzureCosmosNoSqlChatStoreConfig,-1
https://ts.llamaindex.ai/docs/api/interfaces/AzureCosmosNoSqlDocumentStoreArgs,-1
https://ts.llamaindex.ai/docs/api/interfaces/AzureCosmosNoSqlIndexStoreArgs,-1
https://ts.llamaindex.ai/docs/api/interfaces/AzureCosmosNoSqlKVStoreConfig,-1
https://ts.llamaindex.ai/docs/api/interfaces/AzureCosmosQueryOptions,-1
https://ts.llamaindex.ai/docs/api/interfaces/AzureCosmosVCoreChatStoreConfig,-1
https://ts.llamaindex.ai/docs/api/interfaces/AzureCosmosVCoreDocumentStoreArgs,-1
https://ts.llamaindex.ai/docs/api/interfaces/AzureCosmosVCoreIndexStoreArgs,-1
https://ts.llamaindex.ai/docs/api/interfaces/AzureCosmosVCoreKVStoreConfig,-1
https://ts.llamaindex.ai/docs/api/interfaces/BaseChatEngineParams,-1
https://ts.llamaindex.ai/docs/api/interfaces/BaseChatStore,-1
https://ts.llamaindex.ai/docs/api/interfaces/BaseIndexInit,-1
https://ts.llamaindex.ai/docs/api/interfaces/BaseNodePostprocessor,-1
https://ts.llamaindex.ai/docs/api/interfaces/BaseOutputParser,-1
https://ts.llamaindex.ai/docs/api/interfaces/BaseReader,-1
https://ts.llamaindex.ai/docs/api/interfaces/BaseTool,-1
https://ts.llamaindex.ai/docs/api/interfaces/ChatResponse,-1
https://ts.llamaindex.ai/docs/api/interfaces/CompletionResponse,-1
https://ts.llamaindex.ai/docs/api/interfaces/ConnectionStringOptions,-1
https://ts.llamaindex.ai/docs/api/interfaces/CosmosContainerProperties,-1
https://ts.llamaindex.ai/docs/api/interfaces/CosmosDatabaseProperties,-1
https://ts.llamaindex.ai/docs/api/interfaces/HFLLMConfig,-1
https://ts.llamaindex.ai/docs/api/interfaces/IsomorphicDB,-1
https://ts.llamaindex.ai/docs/api/interfaces/JSONReaderOptions,-1
https://ts.llamaindex.ai/docs/api/interfaces/KeywordIndexOptions,-1
https://ts.llamaindex.ai/docs/api/interfaces/LlamaIndexEventMaps,-1
https://ts.llamaindex.ai/docs/api/interfaces/LLM,-1
https://ts.llamaindex.ai/docs/api/interfaces/LLMChat,-1
https://ts.llamaindex.ai/docs/api/interfaces/LLMChatParamsBase,-1
https://ts.llamaindex.ai/docs/api/interfaces/LLMChatParamsNonStreaming,-1
https://ts.llamaindex.ai/docs/api/interfaces/LLMChatParamsStreaming,-1
https://ts.llamaindex.ai/docs/api/interfaces/LLMCompletionParamsBase,-1
https://ts.llamaindex.ai/docs/api/interfaces/LLMCompletionParamsNonStreaming,-1
https://ts.llamaindex.ai/docs/api/interfaces/LLMCompletionParamsStreaming,-1
https://ts.llamaindex.ai/docs/api/interfaces/MetadataFilter,-1
https://ts.llamaindex.ai/docs/api/interfaces/MetadataFilters,-1
https://ts.llamaindex.ai/docs/api/interfaces/MetadataInfo,-1
https://ts.llamaindex.ai/docs/api/interfaces/MixedbreadAIEmbeddingsParams,-1
https://ts.llamaindex.ai/docs/api/interfaces/MixedbreadAIRerankerParams,-1
https://ts.llamaindex.ai/docs/api/interfaces/NodeWithScore,-1
https://ts.llamaindex.ai/docs/api/interfaces/NonStreamingChatEngineParams,-1
https://ts.llamaindex.ai/docs/api/interfaces/RefDocInfo,-1
https://ts.llamaindex.ai/docs/api/interfaces/RelatedNodeInfo,-1
https://ts.llamaindex.ai/docs/api/interfaces/RemoteFileMetadata,-1
https://ts.llamaindex.ai/docs/api/interfaces/Serializer,-1
https://ts.llamaindex.ai/docs/api/interfaces/ServiceContext,-1
https://ts.llamaindex.ai/docs/api/interfaces/ServiceContextOptions,-1
https://ts.llamaindex.ai/docs/api/interfaces/SingleSelection,-1
https://ts.llamaindex.ai/docs/api/interfaces/StorageContext,-1
https://ts.llamaindex.ai/docs/api/interfaces/StreamingChatEngineParams,-1
https://ts.llamaindex.ai/docs/api/interfaces/StructuredOutput,-1
https://ts.llamaindex.ai/docs/api/interfaces/SummaryIndexOptions,-1
https://ts.llamaindex.ai/docs/api/interfaces/VcoreConnectionStringOptions,-1
https://ts.llamaindex.ai/docs/api/interfaces/VectorIndexConstructorProps,-1
https://ts.llamaindex.ai/docs/api/interfaces/VectorIndexOptions,-1
https://ts.llamaindex.ai/docs/api/interfaces/VectorStoreInfo,-1
https://ts.llamaindex.ai/docs/api/interfaces/VectorStoreQuery,-1
https://ts.llamaindex.ai/docs/api/interfaces/VectorStoreQueryResult,-1
https://ts.llamaindex.ai/docs/api/type-aliases/AgentEndEvent,-1
https://ts.llamaindex.ai/docs/api/type-aliases/AgentParamsBase,-1
https://ts.llamaindex.ai/docs/api/type-aliases/AgentStartEvent,-1
https://ts.llamaindex.ai/docs/api/type-aliases/AnthropicAgentParams,-1
https://ts.llamaindex.ai/docs/api/type-aliases/AssemblyAIOptions,-1
https://ts.llamaindex.ai/docs/api/type-aliases/AzureCosmosDBMongoDBIndexOptions,-1
https://ts.llamaindex.ai/docs/api/type-aliases/AzureCosmosDBMongoDBSimilarityType,-1
https://ts.llamaindex.ai/docs/api/type-aliases/AzureCosmosDBNoSqlCreateContainerOptions,-1
https://ts.llamaindex.ai/docs/api/type-aliases/AzureCosmosDBNoSqlCreateDatabaseOptions,-1
https://ts.llamaindex.ai/docs/api/type-aliases/AzureDynamicSessionToolParams,-1
https://ts.llamaindex.ai/docs/api/type-aliases/BaseEmbeddingOptions,-1
https://ts.llamaindex.ai/docs/api/type-aliases/BaseNodeParams,-1
https://ts.llamaindex.ai/docs/api/type-aliases/BasePromptTemplateOptions,-1
https://ts.llamaindex.ai/docs/api/type-aliases/BaseSynthesizerOptions,-1
https://ts.llamaindex.ai/docs/api/type-aliases/BaseToolWithCall,-1
https://ts.llamaindex.ai/docs/api/type-aliases/ChatMessage,-1
https://ts.llamaindex.ai/docs/api/type-aliases/ChatResponseChunk,-1
https://ts.llamaindex.ai/docs/api/type-aliases/ChoiceSelectPrompt,-1
https://ts.llamaindex.ai/docs/api/type-aliases/CloudConstructorParams,-1
https://ts.llamaindex.ai/docs/api/type-aliases/CloudRetrieveParams,-1
https://ts.llamaindex.ai/docs/api/type-aliases/CodeSplitterParam,-1
https://ts.llamaindex.ai/docs/api/type-aliases/CondenseQuestionPrompt,-1
https://ts.llamaindex.ai/docs/api/type-aliases/ContextSystemPrompt,-1
https://ts.llamaindex.ai/docs/api/type-aliases/CorrectnessSystemPrompt,-1
https://ts.llamaindex.ai/docs/api/type-aliases/DataType,-1
https://ts.llamaindex.ai/docs/api/type-aliases/EmbeddingInfo,-1
https://ts.llamaindex.ai/docs/api/type-aliases/FaithfulnessRefinePrompt,-1
https://ts.llamaindex.ai/docs/api/type-aliases/FaithfulnessTextQAPrompt,-1
https://ts.llamaindex.ai/docs/api/type-aliases/FilterableMetadataFieldKeysType,-1
https://ts.llamaindex.ai/docs/api/type-aliases/GoogleGeminiSessionOptions,-1
https://ts.llamaindex.ai/docs/api/type-aliases/HFConfig,-1
https://ts.llamaindex.ai/docs/api/type-aliases/HTMLNodeParserParam,-1
https://ts.llamaindex.ai/docs/api/type-aliases/HuggingFaceEmbeddingParams,-1
https://ts.llamaindex.ai/docs/api/type-aliases/ImageNodeParams,-1
https://ts.llamaindex.ai/docs/api/type-aliases/ImageType,-1
https://ts.llamaindex.ai/docs/api/type-aliases/IndexNodeParams,-1
https://ts.llamaindex.ai/docs/api/type-aliases/IndexStructType,-1
https://ts.llamaindex.ai/docs/api/type-aliases/InterpreterParameter,-1
https://ts.llamaindex.ai/docs/api/type-aliases/InterpreterToolOutput,-1
https://ts.llamaindex.ai/docs/api/type-aliases/InterpreterToolOutputImage,-1
https://ts.llamaindex.ai/docs/api/type-aliases/JinaEmbeddingRequest,-1
https://ts.llamaindex.ai/docs/api/type-aliases/JinaEmbeddingResponse,-1
https://ts.llamaindex.ai/docs/api/type-aliases/JSONArray,-1
https://ts.llamaindex.ai/docs/api/type-aliases/JSONObject,-1
https://ts.llamaindex.ai/docs/api/type-aliases/JSONValue,-1
https://ts.llamaindex.ai/docs/api/type-aliases/KeywordExtractPrompt,-1
https://ts.llamaindex.ai/docs/api/type-aliases/Language,-1
https://ts.llamaindex.ai/docs/api/type-aliases/ListIndex,-1
https://ts.llamaindex.ai/docs/api/type-aliases/ListIndexLLMRetriever,-1
https://ts.llamaindex.ai/docs/api/type-aliases/ListIndexRetriever,-1
https://ts.llamaindex.ai/docs/api/type-aliases/ListRetrieverMode,-1
https://ts.llamaindex.ai/docs/api/type-aliases/LLMAgentParams,-1
https://ts.llamaindex.ai/docs/api/type-aliases/LLMEndEvent,-1
https://ts.llamaindex.ai/docs/api/type-aliases/LLMMetadata,-1
https://ts.llamaindex.ai/docs/api/type-aliases/LLMStartEvent,-1
https://ts.llamaindex.ai/docs/api/type-aliases/LLMStreamEvent,-1
https://ts.llamaindex.ai/docs/api/type-aliases/LLMToolCallEvent,-1
https://ts.llamaindex.ai/docs/api/type-aliases/LLMToolResultEvent,-1
https://ts.llamaindex.ai/docs/api/type-aliases/MessageContent,-1
https://ts.llamaindex.ai/docs/api/type-aliases/MessageContentDetail,-1
https://ts.llamaindex.ai/docs/api/type-aliases/MessageContentImageDetail,-1
https://ts.llamaindex.ai/docs/api/type-aliases/MessageContentTextDetail,-1
https://ts.llamaindex.ai/docs/api/type-aliases/MessageType,-1
https://ts.llamaindex.ai/docs/api/type-aliases/Metadata,-1
https://ts.llamaindex.ai/docs/api/type-aliases/MetadataFilterValue,-1
https://ts.llamaindex.ai/docs/api/type-aliases/ModuleRecord,-1
https://ts.llamaindex.ai/docs/api/type-aliases/OllamaAgentParams,-1
https://ts.llamaindex.ai/docs/api/type-aliases/OllamaParams,-1
https://ts.llamaindex.ai/docs/api/type-aliases/OpenAIAdditionalChatOptions,-1
https://ts.llamaindex.ai/docs/api/type-aliases/OpenAIAdditionalMetadata,-1
https://ts.llamaindex.ai/docs/api/type-aliases/OpenAIAgentParams,-1
https://ts.llamaindex.ai/docs/api/type-aliases/PartialToolCall,-1
https://ts.llamaindex.ai/docs/api/type-aliases/PGVectorStoreConfig,-1
https://ts.llamaindex.ai/docs/api/type-aliases/PromptHelperOptions,-1
https://ts.llamaindex.ai/docs/api/type-aliases/PromptsRecord,-1
https://ts.llamaindex.ai/docs/api/type-aliases/PromptTemplateOptions,-1
https://ts.llamaindex.ai/docs/api/type-aliases/QueryBundle,-1
https://ts.llamaindex.ai/docs/api/type-aliases/QueryEndEvent,-1
https://ts.llamaindex.ai/docs/api/type-aliases/QueryEngineParam,-1
https://ts.llamaindex.ai/docs/api/type-aliases/QueryEngineToolParams,-1
https://ts.llamaindex.ai/docs/api/type-aliases/QueryKeywordExtractPrompt,-1
https://ts.llamaindex.ai/docs/api/type-aliases/QueryStartEvent,-1
https://ts.llamaindex.ai/docs/api/type-aliases/QueryType,-1
https://ts.llamaindex.ai/docs/api/type-aliases/QuestionExtractPrompt,-1
https://ts.llamaindex.ai/docs/api/type-aliases/R,-1
https://ts.llamaindex.ai/docs/api/type-aliases/ReACTAgentParams,-1
https://ts.llamaindex.ai/docs/api/type-aliases/RefinePrompt,-1
https://ts.llamaindex.ai/docs/api/type-aliases/RelatedNodeType,-1
https://ts.llamaindex.ai/docs/api/type-aliases/RelevancyEvalPrompt,-1
https://ts.llamaindex.ai/docs/api/type-aliases/RelevancyRefinePrompt,-1
https://ts.llamaindex.ai/docs/api/type-aliases/ResponseMode,-1
https://ts.llamaindex.ai/docs/api/type-aliases/ResultType,-1
https://ts.llamaindex.ai/docs/api/type-aliases/RetrieveEndEvent,-1
https://ts.llamaindex.ai/docs/api/type-aliases/RetrieveParams,-1
https://ts.llamaindex.ai/docs/api/type-aliases/RetrieveStartEvent,-1
https://ts.llamaindex.ai/docs/api/type-aliases/SelectorResult,-1
https://ts.llamaindex.ai/docs/api/type-aliases/SimpleCosmosDBReaderLoaderConfig,-1
https://ts.llamaindex.ai/docs/api/type-aliases/SplitterParams,-1
https://ts.llamaindex.ai/docs/api/type-aliases/StoredValue,-1
https://ts.llamaindex.ai/docs/api/type-aliases/StringTemplate,-1
https://ts.llamaindex.ai/docs/api/type-aliases/SubQuestionPrompt,-1
https://ts.llamaindex.ai/docs/api/type-aliases/SubtitleFormat,-1
https://ts.llamaindex.ai/docs/api/type-aliases/SummaryPrompt,-1
https://ts.llamaindex.ai/docs/api/type-aliases/SynthesizeEndEvent,-1
https://ts.llamaindex.ai/docs/api/type-aliases/SynthesizeQuery,-1
https://ts.llamaindex.ai/docs/api/type-aliases/SynthesizeStartEvent,-1
https://ts.llamaindex.ai/docs/api/type-aliases/TaskHandler,-1
https://ts.llamaindex.ai/docs/api/type-aliases/TaskStep,-1
https://ts.llamaindex.ai/docs/api/type-aliases/TextChatMessage,-1
https://ts.llamaindex.ai/docs/api/type-aliases/TextNodeParams,-1
https://ts.llamaindex.ai/docs/api/type-aliases/TextQAPrompt,-1
https://ts.llamaindex.ai/docs/api/type-aliases/TextSplitterFn,-1
https://ts.llamaindex.ai/docs/api/type-aliases/TitleCombinePrompt,-1
https://ts.llamaindex.ai/docs/api/type-aliases/TitleExtractorPrompt,-1
https://ts.llamaindex.ai/docs/api/type-aliases/ToolCall,-1
https://ts.llamaindex.ai/docs/api/type-aliases/ToolCallLLMMessageOptions,-1
https://ts.llamaindex.ai/docs/api/type-aliases/ToolCallOptions,-1
https://ts.llamaindex.ai/docs/api/type-aliases/ToolMetadata,-1
https://ts.llamaindex.ai/docs/api/type-aliases/ToolMetadataOnlyDescription,-1
https://ts.llamaindex.ai/docs/api/type-aliases/ToolOutput,-1
https://ts.llamaindex.ai/docs/api/type-aliases/ToolResult,-1
https://ts.llamaindex.ai/docs/api/type-aliases/ToolResultOptions,-1
https://ts.llamaindex.ai/docs/api/type-aliases/TranscribeParams,-1
https://ts.llamaindex.ai/docs/api/type-aliases/TreeSummarizePrompt,-1
https://ts.llamaindex.ai/docs/api/type-aliases/UserPrompt,-1
https://ts.llamaindex.ai/docs/api/type-aliases/UUID,-1
https://ts.llamaindex.ai/docs/api/type-aliases/VectorIndexRetrieverOptions,-1
https://ts.llamaindex.ai/docs/api/type-aliases/VectorStoreBaseParams,-1
https://ts.llamaindex.ai/docs/api/type-aliases/VectorStoreByType,-1
https://ts.llamaindex.ai/docs/api/type-aliases/VertexGeminiSessionOptions,-1
https://ts.llamaindex.ai/docs/api/type-aliases/VLLMParams,-1
https://ts.llamaindex.ai/docs/api/variables/ALL_AVAILABLE_ANTHROPIC_LEGACY_MODELS,-1
https://ts.llamaindex.ai/docs/api/variables/ALL_AVAILABLE_ANTHROPIC_MODELS,-1
https://ts.llamaindex.ai/docs/api/variables/ALL_AVAILABLE_MISTRAL_MODELS,-1
https://ts.llamaindex.ai/docs/api/variables/ALL_AVAILABLE_OPENAI_MODELS,-1
https://ts.llamaindex.ai/docs/api/variables/ALL_AVAILABLE_REPLICATE_MODELS,-1
https://ts.llamaindex.ai/docs/api/variables/ALL_AVAILABLE_V3_MODELS,-1
https://ts.llamaindex.ai/docs/api/variables/ALL_OPENAI_EMBEDDING_MODELS,-1
https://ts.llamaindex.ai/docs/api/variables/AnthropicContextAwareAgent,-1
https://ts.llamaindex.ai/docs/api/variables/anthropicSummaryPrompt,-1
https://ts.llamaindex.ai/docs/api/variables/anthropicTextQaPrompt,-1
https://ts.llamaindex.ai/docs/api/variables/anyFunctionSchema,-1
https://ts.llamaindex.ai/docs/api/variables/AzureAISearchVectorStoreConfig,-1
https://ts.llamaindex.ai/docs/api/variables/AzureCosmosDBMongoDBSimilarityType,-1
https://ts.llamaindex.ai/docs/api/variables/baseToolSchema,-1
https://ts.llamaindex.ai/docs/api/variables/baseToolWithCallSchema,-1
https://ts.llamaindex.ai/docs/api/variables/DEFAULT_BASE_URL,-1
https://ts.llamaindex.ai/docs/api/variables/defaultChoiceSelectPrompt,-1
https://ts.llamaindex.ai/docs/api/variables/DEFAULT_CHUNK_OVERLAP,-1
https://ts.llamaindex.ai/docs/api/variables/DEFAULT_CHUNK_OVERLAP_RATIO,-1
https://ts.llamaindex.ai/docs/api/variables/DEFAULT_CHUNK_SIZE,-1
https://ts.llamaindex.ai/docs/api/variables/DEFAULT_COLLECTION,-1
https://ts.llamaindex.ai/docs/api/variables/defaultCondenseQuestionPrompt,-1
https://ts.llamaindex.ai/docs/api/variables/defaultContextSystemPrompt,-1
https://ts.llamaindex.ai/docs/api/variables/DEFAULT_CONTEXT_WINDOW,-1
https://ts.llamaindex.ai/docs/api/variables/defaultCorrectnessSystemPrompt,-1
https://ts.llamaindex.ai/docs/api/variables/DEFAULT_DIMENSIONS,-1
https://ts.llamaindex.ai/docs/api/variables/DEFAULT_DOC_STORE_PERSIST_FILENAME,-1
https://ts.llamaindex.ai/docs/api/variables/defaultFaithfulnessRefinePrompt,-1
https://ts.llamaindex.ai/docs/api/variables/defaultFaithfulnessTextQaPrompt,-1
https://ts.llamaindex.ai/docs/api/variables/DEFAULT_GRAPH_STORE_PERSIST_FILENAME,-1
https://ts.llamaindex.ai/docs/api/variables/DEFAULT_IMAGE_VECTOR_NAMESPACE,-1
https://ts.llamaindex.ai/docs/api/variables/DEFAULT_INDEX_STORE_PERSIST_FILENAME,-1
https://ts.llamaindex.ai/docs/api/variables/defaultKeywordExtractPrompt,-1
https://ts.llamaindex.ai/docs/api/variables/DEFAULT_MAX_CHARS,-1
https://ts.llamaindex.ai/docs/api/variables/DEFAULT_NAMESPACE,-1
https://ts.llamaindex.ai/docs/api/variables/defaultNodeTextTemplate,-1
https://ts.llamaindex.ai/docs/api/variables/DEFAULT_NUM_OUTPUTS,-1
https://ts.llamaindex.ai/docs/api/variables/DEFAULT_PADDING,-1
https://ts.llamaindex.ai/docs/api/variables/DEFAULT_PERSIST_DIR,-1
https://ts.llamaindex.ai/docs/api/variables/DEFAULT_PERSIST_PATH,-1
https://ts.llamaindex.ai/docs/api/variables/DEFAULT_PROJECT_NAME,-1
https://ts.llamaindex.ai/docs/api/variables/defaultQueryKeywordExtractPrompt,-1
https://ts.llamaindex.ai/docs/api/variables/defaultQuestionExtractPrompt,-1
https://ts.llamaindex.ai/docs/api/variables/defaultRefinePrompt,-1
https://ts.llamaindex.ai/docs/api/variables/defaultRelevancyEvalPrompt,-1
https://ts.llamaindex.ai/docs/api/variables/defaultRelevancyRefinePrompt,-1
https://ts.llamaindex.ai/docs/api/variables/DEFAULT_SIMILARITY_TOP_K,-1
https://ts.llamaindex.ai/docs/api/variables/defaultSubQuestionPrompt,-1
https://ts.llamaindex.ai/docs/api/variables/defaultSummaryPrompt,-1
https://ts.llamaindex.ai/docs/api/variables/defaultTextQAPrompt,-1
https://ts.llamaindex.ai/docs/api/variables/defaultTitleCombinePromptTemplate,-1
https://ts.llamaindex.ai/docs/api/variables/defaultTitleExtractorPromptTemplate,-1
https://ts.llamaindex.ai/docs/api/variables/defaultTreeSummarizePrompt,-1
https://ts.llamaindex.ai/docs/api/variables/defaultUserPrompt,-1
https://ts.llamaindex.ai/docs/api/variables/DEFAULT_VECTOR_STORE_PERSIST_FILENAME,-1
https://ts.llamaindex.ai/docs/api/variables/DeuceChatStrategy,-1
https://ts.llamaindex.ai/docs/api/variables/FILE_EXT_TO_READER,-1
https://ts.llamaindex.ai/docs/api/variables/GPT35_MODELS,-1
https://ts.llamaindex.ai/docs/api/variables/GPT4_MODELS,-1
https://ts.llamaindex.ai/docs/api/variables/IndexStructType,-1
https://ts.llamaindex.ai/docs/api/variables/jsonSerializer,-1
https://ts.llamaindex.ai/docs/api/variables/LlamaDeuce,-1
https://ts.llamaindex.ai/docs/api/variables/noneSerializer,-1
https://ts.llamaindex.ai/docs/api/variables/O1_MODELS,-1
https://ts.llamaindex.ai/docs/api/variables/OpenAIContextAwareAgent,-1
https://ts.llamaindex.ai/docs/api/variables/PGVECTOR_SCHEMA,-1
https://ts.llamaindex.ai/docs/api/variables/PGVECTOR_TABLE,-1
https://ts.llamaindex.ai/docs/api/variables/sentenceSplitterSchema,-1
https://ts.llamaindex.ai/docs/api/variables/sentenceWindowNodeParserSchema,-1
https://ts.llamaindex.ai/docs/api/variables/Settings,-1
https://ts.llamaindex.ai/docs/api/variables/SimpleNodeParser,-1
https://ts.llamaindex.ai/docs/api/variables/toolMetadataSchema,-1
https://ts.llamaindex.ai/docs/examples/local_llm,-1
https://ts.llamaindex.ai/docs/llamaindex,-1
https://ts.llamaindex.ai/docs/llamaindex/examples/agent,-1
https://ts.llamaindex.ai/docs/llamaindex/examples/agent_gemini,-1
https://ts.llamaindex.ai/docs/llamaindex/examples/chat_engine,-1
https://ts.llamaindex.ai/docs/llamaindex/examples/context_aware_agent,-1
https://ts.llamaindex.ai/docs/llamaindex/examples/local_llm,-1
https://ts.llamaindex.ai/docs/llamaindex/examples/more_examples,-1
https://ts.llamaindex.ai/docs/llamaindex/examples/other_llms,-1
https://ts.llamaindex.ai/docs/llamaindex/examples/save_load_index,-1
https://ts.llamaindex.ai/docs/llamaindex/examples/summary_index,-1
https://ts.llamaindex.ai/docs/llamaindex/examples/vector_index,-1
https://ts.llamaindex.ai/docs/llamaindex/getting_started,-1
https://ts.llamaindex.ai/docs/llamaindex/getting_started/concepts,-1
https://ts.llamaindex.ai/docs/llamaindex/getting_started/setup,-1
https://ts.llamaindex.ai/docs/llamaindex/getting_started/setup/cloudflare,-1
https://ts.llamaindex.ai/docs/llamaindex/getting_started/setup/next,-1
https://ts.llamaindex.ai/docs/llamaindex/getting_started/setup/node,-1
https://ts.llamaindex.ai/docs/llamaindex/getting_started/setup/typescript,-1
https://ts.llamaindex.ai/docs/llamaindex/getting_started/setup/vite,-1
https://ts.llamaindex.ai/docs/llamaindex/getting_started/starter_tutorial/agent,-1
https://ts.llamaindex.ai/docs/llamaindex/getting_started/starter_tutorial/chatbot,-1
https://ts.llamaindex.ai/docs/llamaindex/getting_started/starter_tutorial/retrieval_augmented_generation,-1
https://ts.llamaindex.ai/docs/llamaindex/getting_started/starter_tutorial/structured_data_extraction,-1
https://ts.llamaindex.ai/docs/llamaindex/guide/agents/1_setup,-1
https://ts.llamaindex.ai/docs/llamaindex/guide/agents/2_create_agent,-1
https://ts.llamaindex.ai/docs/llamaindex/guide/agents/3_local_model,-1
https://ts.llamaindex.ai/docs/llamaindex/guide/agents/4_agentic_rag,-1
https://ts.llamaindex.ai/docs/llamaindex/guide/agents/5_rag_and_tools,-1
https://ts.llamaindex.ai/docs/llamaindex/guide/agents/6_llamaparse,-1
https://ts.llamaindex.ai/docs/llamaindex/guide/agents/7_qdrant,-1
https://ts.llamaindex.ai/docs/llamaindex/guide/agents/agentic_rag,-1
https://ts.llamaindex.ai/docs/llamaindex/guide/agents/create_agent,-1
https://ts.llamaindex.ai/docs/llamaindex/guide/agents/llamaparse,-1
https://ts.llamaindex.ai/docs/llamaindex/guide/agents/local_model,-1
https://ts.llamaindex.ai/docs/llamaindex/guide/agents/qdrant,-1
https://ts.llamaindex.ai/docs/llamaindex/guide/agents/rag_and_tools,-1
https://ts.llamaindex.ai/docs/llamaindex/guide/chat/chat,-1
https://ts.llamaindex.ai/docs/llamaindex/guide/chat/rsc,-1
https://ts.llamaindex.ai/docs/llamaindex/guide/cost-analysis,-1
https://ts.llamaindex.ai/docs/llamaindex/guide/loading,-1
https://ts.llamaindex.ai/docs/llamaindex/guide/loading/,-1
https://ts.llamaindex.ai/docs/llamaindex/guide/loading/node-parser,-1
https://ts.llamaindex.ai/docs/llamaindex/guides/agents/setup,-1
https://ts.llamaindex.ai/docs/llamaindex/guide/workflow,-1
https://ts.llamaindex.ai/docs/llamaindex/guide/workflow/different-inputs-outputs,-1
https://ts.llamaindex.ai/docs/llamaindex/guide/workflow/streaming,-1
https://ts.llamaindex.ai/docs/llamaindex/integration/lang-trace,-1
https://ts.llamaindex.ai/docs/llamaindex/integration/open-llm-metry,-1
https://ts.llamaindex.ai/docs/llamaindex/integration/vercel,-1
https://ts.llamaindex.ai/docs/llamaindex/modules/agent,-1
https://ts.llamaindex.ai/docs/llamaindex/modules/chat_engine,-1
https://ts.llamaindex.ai/docs/llamaindex/modules/data_index,-1
https://ts.llamaindex.ai/docs/llamaindex/modules/data_loaders,-1
https://ts.llamaindex.ai/docs/llamaindex/modules/data_loaders/discord,-1
https://ts.llamaindex.ai/docs/llamaindex/modules/data_loaders/index,-1
https://ts.llamaindex.ai/docs/llamaindex/modules/data_loaders/json,-1
https://ts.llamaindex.ai/docs/llamaindex/modules/data_loaders/llama_parse,-1
https://ts.llamaindex.ai/docs/llamaindex/modules/data_loaders/llama_parse/images,-1
https://ts.llamaindex.ai/docs/llamaindex/modules/data_loaders/llama_parse/json_mode,-1
https://ts.llamaindex.ai/docs/llamaindex/modules/data_stores,-1
https://ts.llamaindex.ai/docs/llamaindex/modules/data_stores/chat_stores,-1
https://ts.llamaindex.ai/docs/llamaindex/modules/data_stores/doc_stores,-1
https://ts.llamaindex.ai/docs/llamaindex/modules/data_stores/doc_stores/index,-1
https://ts.llamaindex.ai/docs/llamaindex/modules/data_stores/index_stores,-1
https://ts.llamaindex.ai/docs/llamaindex/modules/data_stores/index_stores/index,-1
https://ts.llamaindex.ai/docs/llamaindex/modules/data_stores/kv_stores,-1
https://ts.llamaindex.ai/docs/llamaindex/modules/data_stores/vector_stores,-1
https://ts.llamaindex.ai/docs/llamaindex/modules/data_stores/vector_stores/qdrant,-1
https://ts.llamaindex.ai/docs/llamaindex/modules/documents_and_nodes,-1
https://ts.llamaindex.ai/docs/llamaindex/modules/documents_and_nodes/index,-1
https://ts.llamaindex.ai/docs/llamaindex/modules/documents_and_nodes/metadata_extraction,-1
https://ts.llamaindex.ai/docs/llamaindex/modules/embeddings,-1
https://ts.llamaindex.ai/docs/llamaindex/modules/embeddings/available_embeddings/deepinfra,-1
https://ts.llamaindex.ai/docs/llamaindex/modules/embeddings/available_embeddings/gemini,-1
https://ts.llamaindex.ai/docs/llamaindex/modules/embeddings/available_embeddings/huggingface,-1
https://ts.llamaindex.ai/docs/llamaindex/modules/embeddings/available_embeddings/jinaai,-1
https://ts.llamaindex.ai/docs/llamaindex/modules/embeddings/available_embeddings/mistral,-1
https://ts.llamaindex.ai/docs/llamaindex/modules/embeddings/available_embeddings/mixedbreadai,-1
https://ts.llamaindex.ai/docs/llamaindex/modules/embeddings/available_embeddings/ollama,-1
https://ts.llamaindex.ai/docs/llamaindex/modules/embeddings/available_embeddings/openai,-1
https://ts.llamaindex.ai/docs/llamaindex/modules/embeddings/available_embeddings/together,-1
https://ts.llamaindex.ai/docs/llamaindex/modules/embeddings/index,-1
https://ts.llamaindex.ai/docs/llamaindex/modules/evaluation,-1
https://ts.llamaindex.ai/docs/llamaindex/modules/evaluation/correctness,-1
https://ts.llamaindex.ai/docs/llamaindex/modules/evaluation/faithfulness,-1
https://ts.llamaindex.ai/docs/llamaindex/modules/evaluation/modules/correctness,-1
https://ts.llamaindex.ai/docs/llamaindex/modules/evaluation/modules/faithfulness,-1
https://ts.llamaindex.ai/docs/llamaindex/modules/evaluation/modules/relevancy,-1
https://ts.llamaindex.ai/docs/llamaindex/modules/evaluation/relevancy,-1
https://ts.llamaindex.ai/docs/llamaindex/modules/ingestion_pipeline,-1
https://ts.llamaindex.ai/docs/llamaindex/modules/ingestion_pipeline/transformations,-1
https://ts.llamaindex.ai/docs/llamaindex/modules/llamacloud,-1
https://ts.llamaindex.ai/docs/llamaindex/modules/llms,-1
https://ts.llamaindex.ai/docs/llamaindex/modules/llms/available_llms/anthropic,-1
https://ts.llamaindex.ai/docs/llamaindex/modules/llms/available_llms/azure,-1
https://ts.llamaindex.ai/docs/llamaindex/modules/llms/available_llms/bedrock,-1
https://ts.llamaindex.ai/docs/llamaindex/modules/llms/available_llms/deepinfra,-1
https://ts.llamaindex.ai/docs/llamaindex/modules/llms/available_llms/deepseek,-1
https://ts.llamaindex.ai/docs/llamaindex/modules/llms/available_llms/fireworks,-1
https://ts.llamaindex.ai/docs/llamaindex/modules/llms/available_llms/gemini,-1
https://ts.llamaindex.ai/docs/llamaindex/modules/llms/available_llms/groq,-1
https://ts.llamaindex.ai/docs/llamaindex/modules/llms/available_llms/llama2,-1
https://ts.llamaindex.ai/docs/llamaindex/modules/llms/available_llms/mistral,-1
https://ts.llamaindex.ai/docs/llamaindex/modules/llms/available_llms/ollama,-1
https://ts.llamaindex.ai/docs/llamaindex/modules/llms/available_llms/openai,-1
https://ts.llamaindex.ai/docs/llamaindex/modules/llms/available_llms/portkey,-1
https://ts.llamaindex.ai/docs/llamaindex/modules/llms/available_llms/together,-1
https://ts.llamaindex.ai/docs/llamaindex/modules/node_parser,-1
https://ts.llamaindex.ai/docs/llamaindex/modules/node_postprocessors,-1
https://ts.llamaindex.ai/docs/llamaindex/modules/node_postprocessors/cohere_reranker,-1
https://ts.llamaindex.ai/docs/llamaindex/modules/node_postprocessors/jinaai_reranker,-1
https://ts.llamaindex.ai/docs/llamaindex/modules/node_postprocessors/mixedbreadiai_reranker,-1
https://ts.llamaindex.ai/docs/llamaindex/modules/prompt,-1
https://ts.llamaindex.ai/docs/llamaindex/modules/query_engines,-1
https://ts.llamaindex.ai/docs/llamaindex/modules/query_engines/metadata_filtering,-1
https://ts.llamaindex.ai/docs/llamaindex/modules/query_engines/router_query_engine,-1
https://ts.llamaindex.ai/docs/llamaindex/modules/response_synthesizer,-1
https://ts.llamaindex.ai/docs/llamaindex/modules/retriever,-1
https://ts.llamaindex.ai/docs/llamaindex/modules/workflows,-1
(try:,-1
