https://docs.llamaindex.ai/,-1
https://docs.llamaindex.ai/en/stable/,-1
https://docs.llamaindex.ai/en/stable/api_reference/,-1
https://docs.llamaindex.ai/en/stable/community/integrations/,-1
https://docs.llamaindex.ai/en/stable/examples/,-1
https://docs.llamaindex.ai/en/stable/examples/agent/agent_builder/,-1
https://docs.llamaindex.ai/en/stable/examples/agent/agentic_rag_using_vertex_ai/,-1
https://docs.llamaindex.ai/en/stable/examples/agent/agentic_rag_with_llamaindex_and_vertexai_managed_index/,-1
https://docs.llamaindex.ai/en/stable/examples/agent/agent_runner/agent_around_query_pipeline_with_HyDE_for_PDFs/,-1
https://docs.llamaindex.ai/en/stable/examples/agent/agent_runner/agent_runner/,-1
https://docs.llamaindex.ai/en/stable/examples/agent/agent_runner/agent_runner_rag_controllable/,-1
https://docs.llamaindex.ai/en/stable/examples/agent/agent_runner/query_pipeline_agent/,-1
https://docs.llamaindex.ai/en/stable/examples/agent/agent_workflow_basic/,-1
https://docs.llamaindex.ai/en/stable/examples/agent/agent_workflow_multi/,-1
https://docs.llamaindex.ai/en/stable/examples/agent/anthropic_agent/,-1
https://docs.llamaindex.ai/en/stable/examples/agent/bedrock_converse_agent/,-1
https://docs.llamaindex.ai/en/stable/examples/agent/Chatbot_SEC/,-1
https://docs.llamaindex.ai/en/stable/examples/agent/coa_agent/,-1
https://docs.llamaindex.ai/en/stable/examples/agent/custom_agent/,-1
https://docs.llamaindex.ai/en/stable/examples/agent/dashscope_agent/,-1
https://docs.llamaindex.ai/en/stable/examples/agent/introspective_agent_toxicity_reduction/,-1
https://docs.llamaindex.ai/en/stable/examples/agent/lats_agent/,-1
https://docs.llamaindex.ai/en/stable/examples/agent/llm_compiler/,-1
https://docs.llamaindex.ai/en/stable/examples/agent/memory/composable_memory/,-1
https://docs.llamaindex.ai/en/stable/examples/agent/memory/vector_memory/,-1
https://docs.llamaindex.ai/en/stable/examples/agent/mistral_agent/,-1
https://docs.llamaindex.ai/en/stable/examples/agent/multi_document_agents/,-1
https://docs.llamaindex.ai/en/stable/examples/agent/multi_document_agents-v1/,-1
https://docs.llamaindex.ai/en/stable/examples/agent/nvidia_agent/,-1
https://docs.llamaindex.ai/en/stable/examples/agent/nvidia_document_research_assistant_for_blog_creation/,-1
https://docs.llamaindex.ai/en/stable/examples/agent/nvidia_sub_question_query_engine/,-1
https://docs.llamaindex.ai/en/stable/examples/agent/openai_agent/,-1
https://docs.llamaindex.ai/en/stable/examples/agent/openai_agent_context_retrieval/,-1
https://docs.llamaindex.ai/en/stable/examples/agent/openai_agent_lengthy_tools/,-1
https://docs.llamaindex.ai/en/stable/examples/agent/openai_agent_parallel_function_calling/,-1
https://docs.llamaindex.ai/en/stable/examples/agent/openai_agent_query_cookbook/,-1
https://docs.llamaindex.ai/en/stable/examples/agent/openai_agent_query_plan/,-1
https://docs.llamaindex.ai/en/stable/examples/agent/openai_agent_retrieval/,-1
https://docs.llamaindex.ai/en/stable/examples/agent/openai_agent_tool_call_parser/,-1
https://docs.llamaindex.ai/en/stable/examples/agent/openai_agent_with_query_engine/,-1
https://docs.llamaindex.ai/en/stable/examples/agent/openai_assistant_agent/,-1
https://docs.llamaindex.ai/en/stable/examples/agent/openai_assistant_query_cookbook/,-1
https://docs.llamaindex.ai/en/stable/examples/agent/openai_forced_function_call/,-1
https://docs.llamaindex.ai/en/stable/examples/agent/openai_retrieval_benchmark/,-1
https://docs.llamaindex.ai/en/stable/examples/agent/react_agent/,-1
https://docs.llamaindex.ai/en/stable/examples/agent/react_agent_with_query_engine/,-1
https://docs.llamaindex.ai/en/stable/examples/agent/return_direct_agent/,-1
https://docs.llamaindex.ai/en/stable/examples/agent/structured_planner/,-1
https://docs.llamaindex.ai/en/stable/examples/chat_engine/chat_engine_best/,-1
https://docs.llamaindex.ai/en/stable/examples/chat_engine/chat_engine_condense_plus_context/,-1
https://docs.llamaindex.ai/en/stable/examples/chat_engine/chat_engine_condense_question/,-1
https://docs.llamaindex.ai/en/stable/examples/chat_engine/chat_engine_context/,-1
https://docs.llamaindex.ai/en/stable/examples/chat_engine/chat_engine_openai/,-1
https://docs.llamaindex.ai/en/stable/examples/chat_engine/chat_engine_personality/,-1
https://docs.llamaindex.ai/en/stable/examples/chat_engine/chat_engine_react/,-1
https://docs.llamaindex.ai/en/stable/examples/chat_engine/chat_engine_repl/,-1
https://docs.llamaindex.ai/en/stable/examples/cookbooks/airtrain/,-1
https://docs.llamaindex.ai/en/stable/examples/cookbooks/anthropic_haiku/,-1
https://docs.llamaindex.ai/en/stable/examples/cookbooks/cleanlab_tlm_rag/,-1
https://docs.llamaindex.ai/en/stable/examples/cookbooks/codestral/,-1
https://docs.llamaindex.ai/en/stable/examples/cookbooks/GraphRAG_v1/,-1
https://docs.llamaindex.ai/en/stable/examples/cookbooks/GraphRAG_v2/,-1
https://docs.llamaindex.ai/en/stable/getting_started/concepts/,-1
https://docs.llamaindex.ai/en/stable/getting_started/customization/,-1
https://docs.llamaindex.ai/en/stable/getting_started/discover_llamaindex/,-1
https://docs.llamaindex.ai/en/stable/getting_started/installation/,-1
https://docs.llamaindex.ai/en/stable/getting_started/reading/,-1
https://docs.llamaindex.ai/en/stable/getting_started/starter_example/,-1
https://docs.llamaindex.ai/en/stable/getting_started/starter_example_local/,-1
https://docs.llamaindex.ai/en/stable/getting_started/starter_tools/,-1
https://docs.llamaindex.ai/en/stable/getting_started/starter_tools/rag_cli/,-1
https://docs.llamaindex.ai/en/stable/llama_cloud/,-1
https://docs.llamaindex.ai/en/stable/module_guides/,-1
https://docs.llamaindex.ai/en/stable/optimizing/production_rag/,-1
https://docs.llamaindex.ai/en/stable/understanding/,-1
https://docs.llamaindex.ai/en/stable/understanding/agent/,-1
https://docs.llamaindex.ai/en/stable/understanding/agent/llamaparse/,-1
https://docs.llamaindex.ai/en/stable/understanding/agent/local_models/,-1
https://docs.llamaindex.ai/en/stable/understanding/agent/memory/,-1
https://docs.llamaindex.ai/en/stable/understanding/agent/multi_agents/,-1
https://docs.llamaindex.ai/en/stable/understanding/agent/rag_agent/,-1
https://docs.llamaindex.ai/en/stable/understanding/agent/tools/,-1
https://docs.llamaindex.ai/en/stable/understanding/evaluating/cost_analysis/,-1
https://docs.llamaindex.ai/en/stable/understanding/evaluating/cost_analysis/usage_pattern/,-1
https://docs.llamaindex.ai/en/stable/understanding/evaluating/evaluating/,-1
https://docs.llamaindex.ai/en/stable/understanding/extraction/,-1
https://docs.llamaindex.ai/en/stable/understanding/extraction/lower_level/,-1
https://docs.llamaindex.ai/en/stable/understanding/extraction/structured_llms/,-1
https://docs.llamaindex.ai/en/stable/understanding/extraction/structured_prediction/,-1
https://docs.llamaindex.ai/en/stable/understanding/indexing/indexing/,-1
https://docs.llamaindex.ai/en/stable/understanding/loading/llamacloud/,-1
https://docs.llamaindex.ai/en/stable/understanding/loading/llamahub/,-1
https://docs.llamaindex.ai/en/stable/understanding/loading/loading/,-1
https://docs.llamaindex.ai/en/stable/understanding/putting_it_all_together/,-1
https://docs.llamaindex.ai/en/stable/understanding/putting_it_all_together/agents/,-1
https://docs.llamaindex.ai/en/stable/understanding/putting_it_all_together/apps/,-1
https://docs.llamaindex.ai/en/stable/understanding/putting_it_all_together/apps/fullstack_app_guide/,-1
https://docs.llamaindex.ai/en/stable/understanding/putting_it_all_together/apps/fullstack_with_delphic/,-1
https://docs.llamaindex.ai/en/stable/understanding/putting_it_all_together/chatbots/building_a_chatbot/,-1
https://docs.llamaindex.ai/en/stable/understanding/putting_it_all_together/q_and_a/,-1
https://docs.llamaindex.ai/en/stable/understanding/putting_it_all_together/q_and_a/terms_definitions_tutorial/,-1
https://docs.llamaindex.ai/en/stable/understanding/putting_it_all_together/structured_data/,-1
https://docs.llamaindex.ai/en/stable/understanding/querying/querying/,-1
https://docs.llamaindex.ai/en/stable/understanding/rag/,-1
https://docs.llamaindex.ai/en/stable/understanding/storing/storing/,-1
https://docs.llamaindex.ai/en/stable/understanding/tracing_and_debugging/tracing_and_debugging/,-1
https://docs.llamaindex.ai/en/stable/understanding/using_llms/using_llms/,-1
https://docs.llamaindex.ai/en/stable/understanding/workflows/,-1
https://docs.llamaindex.ai/en/stable/understanding/workflows/basic_flow/,-1
https://docs.llamaindex.ai/en/stable/understanding/workflows/branches_and_loops/,-1
https://docs.llamaindex.ai/en/stable/understanding/workflows/concurrent_execution/,-1
https://docs.llamaindex.ai/en/stable/understanding/workflows/nested/,-1
https://docs.llamaindex.ai/en/stable/understanding/workflows/observability/,-1
https://docs.llamaindex.ai/en/stable/understanding/workflows/state/,-1
https://docs.llamaindex.ai/en/stable/understanding/workflows/stream/,-1
https://docs.llamaindex.ai/en/stable/understanding/workflows/subclass/,-1
https://docs.llamaindex.ai/en/stable/understanding/workflows/unbound_functions/,-1
https://docs.llamaindex.ai/en/stable/use_cases/,-1
https://docs.llamaindex.ai/en/stable/use_cases/agents/,-1
https://docs.llamaindex.ai/en/stable/use_cases/chatbots/,-1
https://docs.llamaindex.ai/en/stable/use_cases/extraction/,-1
https://docs.llamaindex.ai/en/stable/use_cases/fine_tuning/,-1
https://docs.llamaindex.ai/en/stable/use_cases/multimodal/,-1
https://docs.llamaindex.ai/en/stable/use_cases/prompting/,-1
https://docs.llamaindex.ai/en/stable/use_cases/q_and_a/,-1
