https://pandoc.org/,-1
https://pandoc.org/cdn-cgi/l/email-protection,-1
https://pandoc.org/CONTRIBUTING.html,-1
https://pandoc.org/custom-readers.html,-1
https://pandoc.org/custom-writers.html,-1
https://pandoc.org/demo/biblio.bib,-1
https://pandoc.org/demo/biblio.html,-1
https://pandoc.org/demo/biblio.yaml,-1
https://pandoc.org/demo/Books,-1
https://pandoc.org/demo/chicago-fullnote-bibliography.csl,-1
https://pandoc.org/demo/CITATIONS,-1
https://pandoc.org/demo/code.text,-1
https://pandoc.org/demo/Comparison_of_functional_programming_languages,-1
https://pandoc.org/demo/Consultants,-1
https://pandoc.org/demo/example10.1,-1
https://pandoc.org/demo/example11.tex,-1
https://pandoc.org/demo/example12.text,-1
https://pandoc.org/demo/example15.ipynb,-1
https://pandoc.org/demo/example15.md,-1
https://pandoc.org/demo/example16a.html,-1
https://pandoc.org/demo/example16b.html,-1
https://pandoc.org/demo/example16d.html,-1
https://pandoc.org/demo/example18a.html,-1
https://pandoc.org/demo/example18b.html,-1
https://pandoc.org/demo/example18c.html,-1
https://pandoc.org/demo/example18d.html,-1
https://pandoc.org/demo/example18e.html,-1
https://pandoc.org/demo/example18f.html,-1
https://pandoc.org/demo/example18g.html,-1
https://pandoc.org/demo/example19.texi,-1
https://pandoc.org/demo/example1.html,-1
https://pandoc.org/demo/example21.odt,-1
https://pandoc.org/demo/example22.wiki,-1
https://pandoc.org/demo/example24a.html,-1
https://pandoc.org/demo/example24b.html,-1
https://pandoc.org/demo/example24c.1,-1
https://pandoc.org/demo/example25.textile,-1
https://pandoc.org/demo/example26.html,-1
https://pandoc.org/demo/example27.org,-1
https://pandoc.org/demo/example29.docx,-1
https://pandoc.org/demo/example2.html,-1
https://pandoc.org/demo/example30.docx,-1
https://pandoc.org/demo/example31.text,-1
https://pandoc.org/demo/example32.html,-1
https://pandoc.org/demo/example33,-1
https://pandoc.org/demo/example33/,-1
https://pandoc.org/demo/example33/10.1-structuring-the-slide-show.html,-1
https://pandoc.org/demo/example33/10.2-incremental-lists.html,-1
https://pandoc.org/demo/example33/10.3-inserting-pauses.html,-1
https://pandoc.org/demo/example33/10.4-styling-the-slides.html,-1
https://pandoc.org/demo/example33/10.5-speaker-notes.html,-1
https://pandoc.org/demo/example33/10.6-columns.html,-1
https://pandoc.org/demo/example33/10.7-frame-attributes-in-beamer.html,-1
https://pandoc.org/demo/example33/10.8-background-in-reveal.js-beamer-and-pptx.html,-1
https://pandoc.org/demo/example33/10-slide-shows.html,-1
https://pandoc.org/demo/example33/11.1-epub-metadata.html,-1
https://pandoc.org/demo/example33/11.2-the-epubtype-attribute.html,-1
https://pandoc.org/demo/example33/11.3-linked-media.html,-1
https://pandoc.org/demo/example33/11.4-epub-styling.html,-1
https://pandoc.org/demo/example33/11-epubs.html,-1
https://pandoc.org/demo/example33/12-chunked-html.html,-1
https://pandoc.org/demo/example33/13-jupyter-notebooks.html,-1
https://pandoc.org/demo/example33/14-syntax-highlighting.html,-1
https://pandoc.org/demo/example33/15.1-output.html,-1
https://pandoc.org/demo/example33/15.2-input.html,-1
https://pandoc.org/demo/example33/15-custom-styles.html,-1
https://pandoc.org/demo/example33/16-custom-readers-and-writers.html,-1
https://pandoc.org/demo/example33/17-reproducible-builds.html,-1
https://pandoc.org/demo/example33/18.1-context.html,-1
https://pandoc.org/demo/example33/18.2-weasyprint.html,-1
https://pandoc.org/demo/example33/18.3-prince-xml.html,-1
https://pandoc.org/demo/example33/18.4-word-processors.html,-1
https://pandoc.org/demo/example33/18-accessible-pdfs-and-pdf-archiving-standards.html,-1
https://pandoc.org/demo/example33/19-running-pandoc-as-a-web-server.html,-1
https://pandoc.org/demo/example33/1-synopsis.html,-1
https://pandoc.org/demo/example33/20-running-pandoc-as-a-lua-interpreter.html,-1
https://pandoc.org/demo/example33/21-a-note-on-security.html,-1
https://pandoc.org/demo/example33/2.1-using-pandoc.html,-1
https://pandoc.org/demo/example33/22-authors.html,-1
https://pandoc.org/demo/example33/2.2-specifying-formats.html,-1
https://pandoc.org/demo/example33/2.3-character-encoding.html,-1
https://pandoc.org/demo/example33/2.4-creating-a-pdf.html,-1
https://pandoc.org/demo/example33/2.5-reading-from-the-web.html,-1
https://pandoc.org/demo/example33/2-description.html,-1
https://pandoc.org/demo/example33/3.1-general-options.html,-1
https://pandoc.org/demo/example33/3.2-reader-options.html,-1
https://pandoc.org/demo/example33/3.3-general-writer-options.html,-1
https://pandoc.org/demo/example33/3.4-options-affecting-specific-writers.html,-1
https://pandoc.org/demo/example33/3.5-citation-rendering.html,-1
https://pandoc.org/demo/example33/3.6-math-rendering-in-html.html,-1
https://pandoc.org/demo/example33/3.7-options-for-wrapper-scripts.html,-1
https://pandoc.org/demo/example33/3-options.html,-1
https://pandoc.org/demo/example33/4-exit-codes.html,-1
https://pandoc.org/demo/example33/5.1-general-options-1.html,-1
https://pandoc.org/demo/example33/5.2-reader-options-1.html,-1
https://pandoc.org/demo/example33/5.3-general-writer-options-1.html,-1
https://pandoc.org/demo/example33/5.4-options-affecting-specific-writers-1.html,-1
https://pandoc.org/demo/example33/5.5-citation-rendering-1.html,-1
https://pandoc.org/demo/example33/5.6-math-rendering-in-html-1.html,-1
https://pandoc.org/demo/example33/5.7-options-for-wrapper-scripts-1.html,-1
https://pandoc.org/demo/example33/5-defaults-files.html,-1
https://pandoc.org/demo/example33/6.1-template-syntax.html,-1
https://pandoc.org/demo/example33/6.2-variables.html,-1
https://pandoc.org/demo/example33/6-templates.html,-1
https://pandoc.org/demo/example33/7.1-typography.html,-1
https://pandoc.org/demo/example33/7.2-headings-and-sections.html,-1
https://pandoc.org/demo/example33/7.3-math-input.html,-1
https://pandoc.org/demo/example33/7.4-raw-htmltex.html,-1
https://pandoc.org/demo/example33/7.5-literate-haskell-support.html,-1
https://pandoc.org/demo/example33/7.6-other-extensions.html,-1
https://pandoc.org/demo/example33/7-extensions.html,-1
https://pandoc.org/demo/example33/8.10-metadata-blocks.html,-1
https://pandoc.org/demo/example33/8.11-backslash-escapes.html,-1
https://pandoc.org/demo/example33/8.12-inline-formatting.html,-1
https://pandoc.org/demo/example33/8.13-math.html,-1
https://pandoc.org/demo/example33/8.14-raw-html.html,-1
https://pandoc.org/demo/example33/8.15-latex-macros.html,-1
https://pandoc.org/demo/example33/8.16-links-1.html,-1
https://pandoc.org/demo/example33/8.17-images.html,-1
https://pandoc.org/demo/example33/8.18-divs-and-spans.html,-1
https://pandoc.org/demo/example33/8.19-footnotes.html,-1
https://pandoc.org/demo/example33/8.1-philosophy.html,-1
https://pandoc.org/demo/example33/8.20-citation-syntax.html,-1
https://pandoc.org/demo/example33/8.21-non-default-extensions.html,-1
https://pandoc.org/demo/example33/8.22-markdown-variants.html,-1
https://pandoc.org/demo/example33/8.2-paragraphs.html,-1
https://pandoc.org/demo/example33/8.3-headings.html,-1
https://pandoc.org/demo/example33/8.4-block-quotations.html,-1
https://pandoc.org/demo/example33/8.5-verbatim-code-blocks.html,-1
https://pandoc.org/demo/example33/8.6-line-blocks.html,-1
https://pandoc.org/demo/example33/8.7-lists.html,-1
https://pandoc.org/demo/example33/8.8-horizontal-rules.html,-1
https://pandoc.org/demo/example33/8.9-tables.html,-1
https://pandoc.org/demo/example33/8-pandocs-markdown.html,-1
https://pandoc.org/demo/example33/9.1-specifying-bibliographic-data.html,-1
https://pandoc.org/demo/example33/9.2-specifying-a-citation-style.html,-1
https://pandoc.org/demo/example33/9.3-citations-in-note-styles.html,-1
https://pandoc.org/demo/example33/9.4-placement-of-the-bibliography.html,-1
https://pandoc.org/demo/example33/9.5-including-uncited-items-in-the-bibliography.html,-1
https://pandoc.org/demo/example33/9.6-other-relevant-metadata-fields.html,-1
https://pandoc.org/demo/example33/9-citations.html,-1
https://pandoc.org/demo/example33/index.html,-1
https://pandoc.org/demo/example35.md,-1
https://pandoc.org/demo/example36.text,-1
https://pandoc.org/demo/example3.html,-1
https://pandoc.org/demo/example4.tex,-1
https://pandoc.org/demo/example5.text,-1
https://pandoc.org/demo/example6.text,-1
https://pandoc.org/demo/example7.rtf,-1
https://pandoc.org/demo/example9.db,-1
https://pandoc.org/demo/FAQ,-1
https://pandoc.org/demo/fish.rst,-1
https://pandoc.org/demo/fishtable.rst,-1
https://pandoc.org/demo/fishwatch.yaml,-1
https://pandoc.org/demo/footer.html,-1
https://pandoc.org/demo/functional_programming,-1
https://pandoc.org/demo/Haskell_Brooks_Curry,-1
https://pandoc.org/demo/Haskell_in_practice,-1
https://pandoc.org/demo/Haskell/Lazy_evaluation,-1
https://pandoc.org/demo/haskell.wiki,-1
https://pandoc.org/demo/higher_order_function,-1
https://pandoc.org/demo/History_of_Haskell,-1
https://pandoc.org/demo/ieee.csl,-1
https://pandoc.org/demo/implementations,-1
https://pandoc.org/demo/lambda_calculus,-1
https://pandoc.org/demo/Lazy_evaluation,-1
https://pandoc.org/demo/Lazy_vs._non-strict,-1
https://pandoc.org/demo/Libraries_and_tools,-1
https://pandoc.org/demo/list_comprehension,-1
https://pandoc.org/demo/MANUAL.epub,-1
https://pandoc.org/demo/mathDefault.html,-1
https://pandoc.org/demo/mathKaTeX.html,-1
https://pandoc.org/demo/mathMathJax.html,-1
https://pandoc.org/demo/mathMathML.html,-1
https://pandoc.org/demo/math.tex,-1
https://pandoc.org/demo/math.text,-1
https://pandoc.org/demo/mathWebTeX.html,-1
https://pandoc.org/demo/modular_programs,-1
https://pandoc.org/demo/pandoc.1.md,-1
https://pandoc.org/demo/performance,-1
https://pandoc.org/demo/polymorphism,-1
https://pandoc.org/demo/Polymorphism,-1
https://pandoc.org/demos.html,-1
https://pandoc.org/demo/SLIDES,-1
https://pandoc.org/demo/species.rst,-1
https://pandoc.org/demo/Tutorials,-1
https://pandoc.org/demo/twocolumns.docx,-1
https://pandoc.org/demo/typing,-1
https://pandoc.org/demo/UsersGuide.docx,-1
https://pandoc.org/demo/Why_Haskell_matters,-1
https://pandoc.org/Direct_Translation,-1
https://pandoc.org/epub.html,-1
https://pandoc.org/extras.html,-1
https://pandoc.org/faqs.html,-1
https://pandoc.org/filters.html,-1
https://pandoc.org/getting-started.html,-1
https://pandoc.org/help.html,-1
https://pandoc.org/index.html,-1
https://pandoc.org/installing.html,-1
https://pandoc.org/jats.html,-1
https://pandoc.org/lua-filters.html,-1
https://pandoc.org/MANUAL.html,-1
https://pandoc.org/me@bar.baz,-1
https://pandoc.org/org.html,-1
https://pandoc.org/pandoc-server.html,-1
https://pandoc.org/press.html,-1
https://pandoc.org/README.html,-1
https://pandoc.org/releases.html,-1
https://pandoc.org/scripting.html,-1
https://pandoc.org/Simplify,-1
https://pandoc.org/typst-property-output.html,-1
https://pandoc.org/using-the-pandoc-api.html,-1
