https://www.mongodb.com/,-1
https://www.mongodb.com/alerts,-1
https://www.mongodb.com/alerts/,-1
https://www.mongodb.com/atlas,-1
https://www.mongodb.com/atlas/database,-1
https://www.mongodb.com/atlas/data-federation,-1
https://www.mongodb.com/atlas/data-lake,-1
https://www.mongodb.com/atlas/online-archive,-1
https://www.mongodb.com/atlas/search,-1
https://www.mongodb.com/atlas/sql,-1
https://www.mongodb.com/basics,-1
https://www.mongodb.com/basics/acid-transactions,-1
https://www.mongodb.com/basics/aggregation-pipeline,-1
https://www.mongodb.com/basics/big-data-explained,-1
https://www.mongodb.com/basics/distributed-database,-1
https://www.mongodb.com/basics/high-availability,-1
https://www.mongodb.com/basics/large-language-models,-1
https://www.mongodb.com/basics/mongodb-atlas-tutorial,-1
https://www.mongodb.com/basics/real-time-analytics-examples,-1
https://www.mongodb.com/basics/scaling,-1
https://www.mongodb.com/blog,-1
https://www.mongodb.com/blog/authors/rachelle-palmer,-1
https://www.mongodb.com/blog/channel/applied,-1
https://www.mongodb.com/blog/channel/artificial-intelligence,-1
https://www.mongodb.com/blog/channel/culture,-1
https://www.mongodb.com/blog/channel/engineering-blog,-1
https://www.mongodb.com/blog/channel/home/2,-1
https://www.mongodb.com/blog/channel/news,-1
https://www.mongodb.com/blog/post/2024-william-zola-award-for-community-excellence-recipient,-1
https://www.mongodb.com/blog/post/ai-powered-retail-with-together-ai-mongodb,-1
https://www.mongodb.com/blog/post/announcing-mongodb-as-founding-member-of-nist-ai-safety-institute-consortium,-1
https://www.mongodb.com/blog/post/aocom-turns-to-mongodb-to-build-a-single-customer-view,-1
https://www.mongodb.com/blog/post/away-from-the-keyboard-ariel-hou-staff-engineer,-1
https://www.mongodb.com/blog/post/aws-names-mongodb-asean-global-software-partner-of-year,-1
https://www.mongodb.com/blog/post/binary-quantization-rescoring-96-less-memory-faster-search,-1
https://www.mongodb.com/blog/post/building-an-aipowered-workplace-ticketing-system-on-mongodb-atlas-at-spoke,-1
https://www.mongodb.com/blog/post/building-a-nodejs-app-with-mongodb-atlas-and-aws-elastic-container-service-part-1,-1
https://www.mongodb.com/blog/post/building-gen-ai-mongodb-ai-partners-december-2024,-1
https://www.mongodb.com/blog/post/building-unified-data-platform-for-gen-ai,-1
https://www.mongodb.com/blog/post/built-mongodb-kraken-coding-revolutionizes-clinical-decision-support,-1
https://www.mongodb.com/blog/post/darwinbox-evolves-hr-saas-platform-and-prepares-for-10x-growth-with-mongodb-atlas,-1
https://www.mongodb.com/blog/post/designing-the-perfect-prototyping-workflow-and-collaboration-platform-in-the-cloud,-1
https://www.mongodb.com/blog/post/ditto-mongodb-connector-seamlessly-sync-edge-and-cloud-data,-1
https://www.mongodb.com/blog/post/empower-financial-services-developers-with-document-model,-1
https://www.mongodb.com/blog/post/get-started-no-code-app-development-unqork-mongodb,-1
https://www.mongodb.com/blog/post/how-open-listings-is-using-mongodb-atlas-to-make-buying-your-dream-home-a-reality,-1
https://www.mongodb.com/blog/post/how-planable-uses-mongodb-atlas-to-help-social-media-teams-move-their-creative-processes-forward,-1
https://www.mongodb.com/blog/post/improving-mongodb-queries-by-simplifying-boolean-expressions,-1
https://www.mongodb.com/blog/post/integrating-mongodb-atlas-twilio-and-aws-simple-email-service-with-aws-step-functions,-1
https://www.mongodb.com/blog/post/introducing-ai-powered-natural-language-mode-atlas-charts,-1
https://www.mongodb.com/blog/post/introducing-the-mongodb-partner-ecosystem-catalog,-1
https://www.mongodb.com/blog/post/leveraging-an-operational-data-layer-for-telco-success,-1
https://www.mongodb.com/blog/post/managing-mongodbs-devops-tools-soa-programs,-1
https://www.mongodb.com/blog/post/mongodb-atlas-helps-make-it-easier-to-build-scale-and-personalize-feeds,-1
https://www.mongodb.com/blog/post/mongodb-best-place-work-2023-according-employees-glassdoor,-1
https://www.mongodb.com/blog/post/mongodb-named-leader-2022-gartner-magic-quadrant-cloud-database-management-systems,-1
https://www.mongodb.com/blog/post/mongodb-named-leader-2023-gartner-magic-quadrant-cloud-database-management-systems,-1
https://www.mongodb.com/blog/post/mongodb-named-leader-2024-gartner-magic-quadrant-cloud-database-management-system,-1
https://www.mongodb.com/blog/post/mongodb-sales-recognized-as-top-20-org-professional-development-repvue,-1
https://www.mongodb.com/blog/post/mongodb-sales-recognized-as-top-20-org-professional-development-repvue2,-1
https://www.mongodb.com/blog/post/processing-data-streams-with-amazon-kinesis-and-mongodb-atlas,-1
https://www.mongodb.com/blog/post/q4-inc-relies-on-mongodb-atlas-to-boost-productivity-outpace-the-competition-and-lower-costs,-1
https://www.mongodb.com/blog/post/retool-state-of-ai-report-mongodb-vector-search-most-loved-vector-database,-1
https://www.mongodb.com/blog/post/retool-state-of-ai-report-mongodb-vector-search-most-loved-vector-database-br,-1
https://www.mongodb.com/blog/post/retool-state-of-ai-report-mongodb-vector-search-most-loved-vector-database-cn,-1
https://www.mongodb.com/blog/post/retool-state-of-ai-report-mongodb-vector-search-most-loved-vector-database-de,-1
https://www.mongodb.com/blog/post/retool-state-of-ai-report-mongodb-vector-search-most-loved-vector-database-fr,-1
https://www.mongodb.com/blog/post/retool-state-of-ai-report-mongodb-vector-search-most-loved-vector-database-it,-1
https://www.mongodb.com/blog/post/retool-state-of-ai-report-mongodb-vector-search-most-loved-vector-database-kr,-1
https://www.mongodb.com/blog/post/retool-state-of-ai-report-mongodb-vector-search-most-loved-vector-database-la,-1
https://www.mongodb.com/blog/post/securing-digital-transformation-with-mongodb-regdata,-1
https://www.mongodb.com/blog/post/sega-hardlight-migrates-atlas-simplify-ops-improve-experience-mobile-gamers,-1
https://www.mongodb.com/blog/post/sega-hardlight-migrates-to-mongodb-atlas-simplify-ops-improve-experience-mobile-gamers,-1
https://www.mongodb.com/blog/post/synapsefi-simplifying-banking-for-all-with-mongodb-atlas,-1
https://www.mongodb.com/blog/post/the-mean-stack-mongodb-expressjs-angularjs-and,-1
https://www.mongodb.com/blog/post/the-modern-application-stack-part-1-introducing-the-mean-stack,-1
https://www.mongodb.com/blog/post/top-4-reasons-to-use-mongodb-8-0,-1
https://www.mongodb.com/blog/post/understanding-mongodb-stable-api-rapid-release-cadence,-1
https://www.mongodb.com/blog/rss,-1
https://www.mongodb.com/blog/tags/builtwithmongodb,-1
https://www.mongodb.com/blog/tags/vector-search,-1
https://www.mongodb.com/brand-resources,-1
https://www.mongodb.com/bug-submission-form,-1
https://www.mongodb.com/careers,-1
https://www.mongodb.com/careers/departments,-1
https://www.mongodb.com/careers/departments/campus,-1
https://www.mongodb.com/careers/diversity-and-inclusion,-1
https://www.mongodb.com/careers/inclusion,-1
https://www.mongodb.com/careers/students-and-graduates,-1
https://www.mongodb.com/careers/teams,-1
https://www.mongodb.com/charts/embedded-analytics,-1
https://www.mongodb.com/cloud/atlas,-1
https://www.mongodb.com/cloud/atlas/efficiency,-1
https://www.mongodb.com/cloud/atlas/global-clusters,-1
https://www.mongodb.com/cloud/atlas/government,-1
https://www.mongodb.com/cloud/atlas/lp/realm,-1
https://www.mongodb.com/cloud/atlas/migrate,-1
https://www.mongodb.com/cloud/atlas/multicloud-data-distribution,-1
https://www.mongodb.com/cloud/atlas/performance,-1
https://www.mongodb.com/cloud/atlas/pricing/support-subscriptions,-1
https://www.mongodb.com/cloud/atlas/register,-1
https://www.mongodb.com/cloud/atlas/reliability,-1
https://www.mongodb.com/cloud/atlas/security,-1
https://www.mongodb.com/cloud/atlas/serverless,-1
https://www.mongodb.com/cloud/atlas/signup,-1
https://www.mongodb.com/cloud/atlas/undefined,-1
https://www.mongodb.com/cloud/cloud-manager,-1
https://www.mongodb.com/cloud-explained/business-intelligence-bi-tools,-1
https://www.mongodb.com/collateral/mongodb-multi-document-acid-transactions,-1
https://www.mongodb.com/collateral/use-case-guidance-where-to-use-mongodb,-1
https://www.mongodb.com/collateral/value-mongodb-subscriptions-datasheet,-1
https://www.mongodb.com/community/,-1
https://www.mongodb.com/community/champions,-1
https://www.mongodb.com/community/champions/,-1
https://www.mongodb.com/community/champions/christoph-strobl/,-1
https://www.mongodb.com/community/creators/,-1
https://www.mongodb.com/community/developer-newsletter,-1
https://www.mongodb.com/community/developer-newsletter/,-1
https://www.mongodb.com/community/forums,-1
https://www.mongodb.com/community/forums/,-1
https://www.mongodb.com/community/forums/c/11,-1
https://www.mongodb.com/community/forums/c/academia/34,-1
https://www.mongodb.com/community/forums/c/announcements/35,-1
https://www.mongodb.com/community/forums/categories,-1
https://www.mongodb.com/community/forums/c/atlas/10,-1
https://www.mongodb.com/community/forums/c/atlas-app-services-realm/9,-1
https://www.mongodb.com/community/forums/c/atlas-app-services-realm/atlas-device-sync/111,-1
https://www.mongodb.com/community/forums/c/atlas-app-services-realm/atlas-graphql/115,-1
https://www.mongodb.com/community/forums/c/atlas-app-services-realm/data-api/138,-1
https://www.mongodb.com/community/forums/c/atlas-app-services-realm/realm/58,-1
https://www.mongodb.com/community/forums/c/atlas/atlas-triggers/116,-1
https://www.mongodb.com/community/forums/c/bytes/151,-1
https://www.mongodb.com/community/forums/c/community/16,-1
https://www.mongodb.com/community/forums/c/community/community-welcome/18,-1
https://www.mongodb.com/community/forums/c/community/treehouse/44,-1
https://www.mongodb.com/community/forums/c/data/6,-1
https://www.mongodb.com/community/forums/c/data/connectors-integrations/48,-1
https://www.mongodb.com/community/forums/c/generative-ai/162,-1
https://www.mongodb.com/community/forums/c/mdb-content-lib/176,-1
https://www.mongodb.com/community/forums/c/ops-admin/8,-1
https://www.mongodb.com/community/forums/c/other-mongodb-topics/5,-1
https://www.mongodb.com/community/forums/c/realm/realm-functions/116,-1
https://www.mongodb.com/community/forums/c/realm/realm-graphql/115,-1
https://www.mongodb.com/community/forums/c/realm/realm-sdks/58,-1
https://www.mongodb.com/community/forums/c/realm/realm-sync/111,-1
https://www.mongodb.com/community/forums/c/university/19,-1
https://www.mongodb.com/community/forums/c/user-groups/11,-1
https://www.mongodb.com/community/forums/guidelines,-1
https://www.mongodb.com/community/forums/login-preferences,-1
https://www.mongodb.com/community/forums/manifest.webmanifest,-1
https://www.mongodb.com/community/forums/my/summary,-1
https://www.mongodb.com/community/forums/t/getting-started-with-the-mongodb-community-readme-1st/140,-1
https://www.mongodb.com/community/forums/top,-1
https://www.mongodb.com/community/licensing,-1
https://www.mongodb.com/community/licensing/,-1
https://www.mongodb.com/company,-1
https://www.mongodb.com/company/careers,-1
https://www.mongodb.com/company/careers/diversity-and-inclusion,-1
https://www.mongodb.com/company/careers/students-and-graduates,-1
https://www.mongodb.com/company/careers/teams,-1
https://www.mongodb.com/company/contact,-1
https://www.mongodb.com/company/contact/feedback/bug-submission-form,-1
https://www.mongodb.com/company/contact/mongodb-vulnerability-disclosure-policy,-1
https://www.mongodb.com/company/contact/social-media-hub,-1
https://www.mongodb.com/company/leadership,-1
https://www.mongodb.com/company/leadership-principles,-1
https://www.mongodb.com/company/newsroom,-1
https://www.mongodb.com/company/newsroom/brand-resources,-1
https://www.mongodb.com/company/newsroom/news-coverage,-1
https://www.mongodb.com/company/newsroom/press-releases,-1
https://www.mongodb.com/company/newsroom/press-releases/visiontrack-improves-driver-safety-with-mongodb-powered-iot-video-telematics-products,-1
https://www.mongodb.com/company/our-story,-1
https://www.mongodb.com/company/partners,-1
https://www.mongodb.com/company/partners/certified-by-mongodb-dbaas-program,-1
https://www.mongodb.com/company/partners/partner-program-agreement,-1
https://www.mongodb.com/company/partners/si-architect-certification-program,-1
https://www.mongodb.com/company/partners/si-certification-program,-1
https://www.mongodb.com/company-profile,-1
https://www.mongodb.com/company/sustainability,-1
https://www.mongodb.com/company/values,-1
https://www.mongodb.com/compatibility,-1
https://www.mongodb.com/contact,-1
https://www.mongodb.com/customers/roma,-1
https://www.mongodb.com/customers/surfline,-1
https://www.mongodb.com/customer-success,-1
https://www.mongodb.com/databases,-1
https://www.mongodb.com/databases/acid-compliance,-1
https://www.mongodb.com/databases/mongodb-graph-database,-1
https://www.mongodb.com/developer/,-1
https://www.mongodb.com/developer/article/map-terms-concepts-sql-mongodb/,-1
https://www.mongodb.com/developer-data-platform,-1
https://www.mongodb.com/developer/products/atlas/agent-fireworksai-mongodb-langchain/,-1
https://www.mongodb.com/developer/products/atlas/getting-started-atlas-mongodb-query-language-mql/,-1
https://www.mongodb.com/developer/products/atlas/harnessing-natural-language-mongodb-queries-google-gemini/,-1
https://www.mongodb.com/developer/products/mongodb/langchain-vector-search/,-1
https://www.mongodb.com/developer/products/mongodb/map-terms-concepts-sql-mongodb/,-1
https://www.mongodb.com/developer/videos/innovate-with-rag-transforming-ideas-into-genai-apps-with-dataworkz-mongodb-vector-search-/,-1
https://www.mongodb.com/docs,-1
https://www.mongodb.com/docs/,-1
https://www.mongodb.com/docs/atlas/,-1
https://www.mongodb.com/docs/atlas/alerts/,-1
https://www.mongodb.com/docs/atlas/analyze-slow-queries/,-1
https://www.mongodb.com/docs/atlas/api/,-1
https://www.mongodb.com/docs/atlas/app-services/,-1
https://www.mongodb.com/docs/atlas/app-services/data-api/,-1
https://www.mongodb.com/docs/atlas/app-services/triggers/database-triggers/,-1
https://www.mongodb.com/docs/atlas/architecture/,-1
https://www.mongodb.com/docs/atlas/atlas-search/,-1
https://www.mongodb.com/docs/atlas/atlas-search/about/deployment-options/,-1
https://www.mongodb.com/docs/atlas/atlas-search/atlas-search-overview/,-1
https://www.mongodb.com/docs/atlas/atlas-search/playground/,-1
https://www.mongodb.com/docs/atlas/atlas-search/tutorial/,-1
https://www.mongodb.com/docs/atlas/atlas-search/tutorial/compound-query-custom-score/,-1
https://www.mongodb.com/docs/atlas/atlas-search/tutorial/diacritic-insensitive/,-1
https://www.mongodb.com/docs/atlas/atlas-search/tutorial/pagination-tutorial/,-1
https://www.mongodb.com/docs/atlas/atlas-search/tutorial/run-geo-query/,-1
https://www.mongodb.com/docs/atlas/atlas-search/tutorial/run-query/,-1
https://www.mongodb.com/docs/atlas/atlas-search/tutorials/,-1
https://www.mongodb.com/docs/atlas/atlas-search/tutorials/data/,-1
https://www.mongodb.com/docs/atlas/atlas-search/tutorials/data/create-postgresql-hyperscale-server-group,-1
https://www.mongodb.com/docs/atlas/atlas-search/tutorials/data/create-sql-managed-instance,-1
https://www.mongodb.com/docs/atlas/atlas-search/tutorials/data/overview,-1
https://www.mongodb.com/docs/atlas/atlas-search/tutorials/data/plan-azure-arc-data-services,-1
https://www.mongodb.com/docs/atlas/atlas-search/tutorials/kubernetes/,-1
https://www.mongodb.com/docs/atlas/atlas-search/tutorials/kubernetes/cluster-connect,-1
https://www.mongodb.com/docs/atlas/atlas-search/tutorials/kubernetes/overview,-1
https://www.mongodb.com/docs/atlas/atlas-search/tutorials/kubernetes/quickstart-connect-cluster,-1
https://www.mongodb.com/docs/atlas/atlas-search/tutorials/kubernetes/use-azure-policy-flux-2,-1
https://www.mongodb.com/docs/atlas/atlas-search/tutorials/multicloud-connector/overview,-1
https://www.mongodb.com/docs/atlas/atlas-search/tutorials/overview,-1
https://www.mongodb.com/docs/atlas/atlas-search/tutorials/resource-bridge/overview,-1
https://www.mongodb.com/docs/atlas/atlas-search/tutorials/servers/,-1
https://www.mongodb.com/docs/atlas/atlas-search/tutorials/servers/learn/quick-enable-hybrid-vm,-1
https://www.mongodb.com/docs/atlas/atlas-search/tutorials/servers/overview,-1
https://www.mongodb.com/docs/atlas/atlas-search/tutorials/servers/plan-at-scale-deployment,-1
https://www.mongodb.com/docs/atlas/atlas-search/tutorials/servers/prepare-extended-security-updates,-1
https://www.mongodb.com/docs/atlas/atlas-search/tutorials/system-center-virtual-machine-manager/overview,-1
https://www.mongodb.com/docs/atlas/atlas-search/tutorials/vmware-vsphere/overview,-1
https://www.mongodb.com/docs/atlas/atlas-search/vector-search/,-1
https://www.mongodb.com/docs/atlas/atlas-sp/overview/,-1
https://www.mongodb.com/docs/atlas/atlas-sp/stream-aggregation/,-1
https://www.mongodb.com/docs/atlas/atlas-stream-processing/overview/,-1
https://www.mongodb.com/docs/atlas/atlas-stream-processing/sp-agg-source/,-1
https://www.mongodb.com/docs/atlas/atlas-stream-processing/sp-agg-validate/,-1
https://www.mongodb.com/docs/atlas/atlas-stream-processing/stream-aggregation/,-1
https://www.mongodb.com/docs/atlas/atlas-stream-processing/tutorial/,-1
https://www.mongodb.com/docs/atlas/atlas-stream-processing/windows/,-1
https://www.mongodb.com/docs/atlas/atlas-ui/,-1
https://www.mongodb.com/docs/atlas/atlas-ui/agg-pipeline/,-1
https://www.mongodb.com/docs/atlas/atlas-ui-authentication/,-1
https://www.mongodb.com/docs/atlas/atlas-ui-authorization/,-1
https://www.mongodb.com/docs/atlas/atlas-ui/collections/,-1
https://www.mongodb.com/docs/atlas/atlas-ui/documents/,-1
https://www.mongodb.com/docs/atlas/atlas-vector-search/,-1
https://www.mongodb.com/docs/atlas/atlas-vector-search/ingest-quantized-vectors/,-1
https://www.mongodb.com/docs/atlas/atlas-vector-search/tutorials/vector-search-quick-start/,-1
https://www.mongodb.com/docs/atlas/atlas-vector-search/vector-quantization/,-1
https://www.mongodb.com/docs/atlas/atlas-vector-search/vector-search-overview/,-1
https://www.mongodb.com/docs/atlas/atlas-vector-search/vector-search-stage/,-1
https://www.mongodb.com/docs/atlas/backup-restore-cluster/,-1
https://www.mongodb.com/docs/atlas/billing/,-1
https://www.mongodb.com/docs/atlas/billing/stream-processing-costs/,-1
https://www.mongodb.com/docs/atlas/cli/current/,-1
https://www.mongodb.com/docs/atlas/cli/current/atlas-cli-getting-started/,-1
https://www.mongodb.com/docs/atlas/cli/current/command/atlas-setup/,-1
https://www.mongodb.com/docs/atlas/cli/current/connect-atlas-cli/,-1
https://www.mongodb.com/docs/atlas/cli/current/install-atlas-cli/,-1
https://www.mongodb.com/docs/atlas/cli/stable/,-1
https://www.mongodb.com/docs/atlas/cloud-providers-regions/,-1
https://www.mongodb.com/docs/atlas/cluster-config/multi-cloud-distribution/,-1
https://www.mongodb.com/docs/atlas/connect-to-database-deployment/,-1
https://www.mongodb.com/docs/atlas/create-connect-deployments/,-1
https://www.mongodb.com/docs/atlas/create-database-deployment/,-1
https://www.mongodb.com/docs/atlas/data-federation/,-1
https://www.mongodb.com/docs/atlas/getting-started/,-1
https://www.mongodb.com/docs/atlas/government/,-1
https://www.mongodb.com/docs/atlas/import/,-1
https://www.mongodb.com/docs/atlas/import/live-import/,-1
https://www.mongodb.com/docs/atlas/integrate/,-1
https://www.mongodb.com/docs/atlas/manage-database-deployments/,-1
https://www.mongodb.com/docs/atlas/monitoring-alerts/,-1
https://www.mongodb.com/docs/atlas/online-archive/configure-online-archive/,-1
https://www.mongodb.com/docs/atlas/online-archive/connect-to-online-archive,-1
https://www.mongodb.com/docs/atlas/online-archive/connect-to-online-archive/,-1
https://www.mongodb.com/docs/atlas/online-archive/manage-online-archive/,-1
https://www.mongodb.com/docs/atlas/operator/upcoming/,-1
https://www.mongodb.com/docs/atlas/organizations-projects/,-1
https://www.mongodb.com/docs/atlas/partner-integrations/,-1
https://www.mongodb.com/docs/atlas/performance-advisor/schema-suggestions/,-1
https://www.mongodb.com/docs/atlas/production-notes/,-1
https://www.mongodb.com/docs/atlas/reference/free-shared-limitations/,-1
https://www.mongodb.com/docs/atlas/release-notes/,-1
https://www.mongodb.com/docs/atlas/sample-data/,-1
https://www.mongodb.com/docs/atlas/security/add-ip-address-to-list/,-1
https://www.mongodb.com/docs/atlas/security-add-mongodb-users/,-1
https://www.mongodb.com/docs/atlas/security-configure-private-endpoints/,-1
https://www.mongodb.com/docs/atlas/security/ip-access-list/,-1
https://www.mongodb.com/docs/atlas/security-vpc-peering/,-1
https://www.mongodb.com/docs/atlas/setup-cluster-security/,-1
https://www.mongodb.com/docs/atlas/support/,-1
https://www.mongodb.com/docs/atlas/synthetic-data/,-1
https://www.mongodb.com/docs/atlas/tags/,-1
https://www.mongodb.com/docs/atlas/tutorial/connect-to-your-cluster/,-1
https://www.mongodb.com/docs/atlas/tutorial/create-atlas-account/,-1
https://www.mongodb.com/docs/atlas/tutorial/create-mongodb-user-for-cluster/,-1
https://www.mongodb.com/docs/atlas/tutorial/create-new-cluster/,-1
https://www.mongodb.com/docs/atlas/tutorial/deploy-free-tier-cluster/,-1
https://www.mongodb.com/docs/atlas/tutorial/insert-data-into-your-cluster/,-1
https://www.mongodb.com/docs/bi-connector/current/,-1
https://www.mongodb.com/docs/charts/,-1
https://www.mongodb.com/docs/charts/embed-charts-and-dashboards/,-1
https://www.mongodb.com/docs/cloud-manager/,-1
https://www.mongodb.com/docs/cloud-manager/reference/user-roles/,-1
https://www.mongodb.com/docs/cluster-to-cluster-sync/current/,-1
https://www.mongodb.com/docs/compass/current/,-1
https://www.mongodb.com/docs/compass/current/aggregation-pipeline-builder/,-1
https://www.mongodb.com/docs/compass/current/create-agg-pipeline/,-1
https://www.mongodb.com/docs/compass/current/query/filter/,-1
https://www.mongodb.com/docs/compass/current/query-plan/,-1
https://www.mongodb.com/docs/database-tools/,-1
https://www.mongodb.com/docs/database-tools/mongoimport/,-1
https://www.mongodb.com/docs/drivers/,-1
https://www.mongodb.com/docs/drivers/about-compatibility/,-1
https://www.mongodb.com/docs/drivers/cosmosdb-support/,-1
https://www.mongodb.com/docs/drivers/csharp-drivers/,-1
https://www.mongodb.com/docs/drivers/documentdb-support/,-1
https://www.mongodb.com/docs/drivers/go/current/,-1
https://www.mongodb.com/docs/drivers/java-drivers/,-1
https://www.mongodb.com/docs/drivers/kotlin-drivers/,-1
https://www.mongodb.com/docs/drivers/node/,-1
https://www.mongodb.com/docs/drivers/node/current/,-1
https://www.mongodb.com/docs/drivers/other-document-dbs/,-1
https://www.mongodb.com/docs/drivers/php-drivers/,-1
https://www.mongodb.com/docs/drivers/python/,-1
https://www.mongodb.com/docs/drivers/python-drivers/,-1
https://www.mongodb.com/docs/drivers/ruby-drivers/,-1
https://www.mongodb.com/docs/drivers/rust/current/,-1
https://www.mongodb.com/docs/drivers/swift/,-1
https://www.mongodb.com/docs/drivers/typescript/,-1
https://www.mongodb.com/docs/guides/,-1
https://www.mongodb.com/docs/guides/atlas/account/,-1
https://www.mongodb.com/docs/guides/atlas/cluster/,-1
https://www.mongodb.com/docs/guides/atlas/connection-string/,-1
https://www.mongodb.com/docs/guides/atlas/db-user/,-1
https://www.mongodb.com/docs/guides/atlas/network-connections/,-1
https://www.mongodb.com/docs/guides/atlas/sample-data/,-1
https://www.mongodb.com/docs/guides/crud/delete/,-1
https://www.mongodb.com/docs/guides/crud/insert/,-1
https://www.mongodb.com/docs/guides/crud/install/,-1
https://www.mongodb.com/docs/guides/crud/read/,-1
https://www.mongodb.com/docs/guides/crud/read_operators/,-1
https://www.mongodb.com/docs/guides/crud/read_queries/,-1
https://www.mongodb.com/docs/guides/crud/update/,-1
https://www.mongodb.com/docs/guides/search/compound/,-1
https://www.mongodb.com/docs/guides/search/dynamic/,-1
https://www.mongodb.com/docs/guides/search/facet/,-1
https://www.mongodb.com/docs/guides/search/static/,-1
https://www.mongodb.com/docs/kafka-connector/current/,-1
https://www.mongodb.com/docs/kubernetes-operator/current/,-1
https://www.mongodb.com/docs/kubernetes-operator/stable/,-1
https://www.mongodb.com/docs/languages/c/,-1
https://www.mongodb.com/docs/languages/c/c-driver/current/,-1
https://www.mongodb.com/docs/languages/cpp/,-1
https://www.mongodb.com/docs/languages/cpp/cpp-driver/current/,-1
https://www.mongodb.com/docs/languages/csharp/,-1
https://www.mongodb.com/docs/languages/go/,-1
https://www.mongodb.com/docs/languages/java/,-1
https://www.mongodb.com/docs/languages/javascript/,-1
https://www.mongodb.com/docs/languages/kotlin/,-1
https://www.mongodb.com/docs/languages/php/,-1
https://www.mongodb.com/docs/languages/python/,-1
https://www.mongodb.com/docs/languages/ruby/,-1
https://www.mongodb.com/docs/languages/rust/,-1
https://www.mongodb.com/docs/languages/scala/,-1
https://www.mongodb.com/docs/languages/scala/scala-driver/current/,-1
https://www.mongodb.com/docs/manual,-1
https://www.mongodb.com/docs/manual/,-1
https://www.mongodb.com/docs/manual/administration/,-1
https://www.mongodb.com/docs/manual/administration/install-community/,-1
https://www.mongodb.com/docs/manual/administration/install-enterprise/,-1
https://www.mongodb.com/docs/manual/aggregation/,-1
https://www.mongodb.com/docs/manual/changeStreams/,-1
https://www.mongodb.com/docs/manual/core/authentication/,-1
https://www.mongodb.com/docs/manual/core/authorization/,-1
https://www.mongodb.com/docs/manual/core/csfle/,-1
https://www.mongodb.com/docs/manual/core/sharding-data-partitioning/,-1
https://www.mongodb.com/docs/manual/core/timeseries-collections/,-1
https://www.mongodb.com/docs/manual/core/transactions/,-1
https://www.mongodb.com/docs/manual/core/transactions-operations/,-1
https://www.mongodb.com/docs/manual/crud/,-1
https://www.mongodb.com/docs/manual/data-modeling/,-1
https://www.mongodb.com/docs/manual/data-modeling/concepts/embedding-vs-references/,-1
https://www.mongodb.com/docs/manual/data-modeling/data-consistency/,-1
https://www.mongodb.com/docs/manual/indexes/,-1
https://www.mongodb.com/docs/manual/installation/,-1
https://www.mongodb.com/docs/manual/introduction/,-1
https://www.mongodb.com/docs/manual/reference/,-1
https://www.mongodb.com/docs/manual/reference/connection-string/,-1
https://www.mongodb.com/docs/manual/reference/operator/aggregation/lookup/,-1
https://www.mongodb.com/docs/manual/reference/operator/aggregation/setWindowFields/,-1
https://www.mongodb.com/docs/manual/release-notes/,-1
https://www.mongodb.com/docs/manual/replication/,-1
https://www.mongodb.com/docs/manual/security/,-1
https://www.mongodb.com/docs/manual/self-managed-deployments/,-1
https://www.mongodb.com/docs/manual/sharding/,-1
https://www.mongodb.com/docs/manual/storage/,-1
https://www.mongodb.com/docs/manual/support/,-1
https://www.mongodb.com/docs/manual/tutorial/query-documents/,-1
https://www.mongodb.com/docs/mongocli/current/,-1
https://www.mongodb.com/docs/mongocli/stable/,-1
https://www.mongodb.com/docs/mongodb-intellij/,-1
https://www.mongodb.com/docs/mongodb-shell/,-1
https://www.mongodb.com/docs/mongodb-vscode/,-1
https://www.mongodb.com/docs/ops-manager/current/,-1
https://www.mongodb.com/docs/ops-manager/current/release-notes/,-1
https://www.mongodb.com/docs/relational-migrator/,-1
https://www.mongodb.com/docs/relational-migrator/code-generation/,-1
https://www.mongodb.com/docs/relational-migrator/jobs/sync-jobs/,-1
https://www.mongodb.com/docs/relational-migrator/mapping-rules/schema-mapping/,-1
https://www.mongodb.com/docs/spark-connector/current/,-1
https://www.mongodb.com/docs/tools-and-connectors/,-1
https://www.mongodb.com/docs/upcoming/reference/operator/aggregation/densify/,-1
https://www.mongodb.com/docs/upcoming/release-notes/6.0/,-1
https://www.mongodb.com/docs/upcoming/release-notes/7.0/,-1
https://www.mongodb.com/docs/v7.0/core/aggregation-pipeline/,-1
https://www.mongodb.com/docs/v7.0/query-api/,-1
https://www.mongodb.com/docs/v7.0/tutorial/query-arrays/,-1
https://www.mongodb.com/docs/v7.0/tutorial/query-embedded-documents/,-1
https://www.mongodb.com/document-databases,-1
https://www.mongodb.com/download-center/community/releases,-1
https://www.mongodb.com/download-center/community/releases/archive,-1
https://www.mongodb.com/download-center/community/releases/development,-1
https://www.mongodb.com/download-center/enterprise/releases,-1
https://www.mongodb.com/download-center/enterprise/releases/archive,-1
https://www.mongodb.com/download-center/enterprise/releases/development,-1
https://www.mongodb.com/en-us/azure/aks/hybrid/aks-hybrid-options-overview,-1
https://www.mongodb.com/en-us/azure/app-service/overview-arc-integration,-1
https://www.mongodb.com/en-us/azure/azure-arc/site-manager,-1
https://www.mongodb.com/en-us/azure/azure-arc/site-manager/,-1
https://www.mongodb.com/en-us/azure/azure-local/manage/azure-arc-vm-management-overview,-1
https://www.mongodb.com/en-us/azure/cloud-adoption-framework/scenarios/hybrid/enterprise-scale-landing-zone,-1
https://www.mongodb.com/en-us/azure/iot-operations,-1
https://www.mongodb.com/en-us/azure/iot-operations/,-1
https://www.mongodb.com/en-us/contribute,-1
https://www.mongodb.com/en-us/contribute/,-1
https://www.mongodb.com/en-us/legal/termsofuse,-1
https://www.mongodb.com/en-us/previous-versions,-1
https://www.mongodb.com/en-us/previous-versions/,-1
https://www.mongodb.com/en-us/sql/sql-server/azure-arc,-1
https://www.mongodb.com/en-us/sql/sql-server/azure-arc/,-1
https://www.mongodb.com/en-us/sql/sql-server/azure-arc/assess,-1
https://www.mongodb.com/en-us/sql/sql-server/azure-arc/configure-advanced-data-security,-1
https://www.mongodb.com/en-us/sql/sql-server/azure-arc/connect,-1
https://www.mongodb.com/en-us/sql/sql-server/azure-arc/overview,-1
https://www.mongodb.com/en-us/training/modules/intro-to-arc-enabled-data-services,-1
https://www.mongodb.com/en-us/training/modules/intro-to-arc-enabled-data-services/,-1
https://www.mongodb.com/en-us/training/modules/intro-to-arc-enabled-kubernetes,-1
https://www.mongodb.com/en-us/training/modules/intro-to-arc-enabled-kubernetes/,-1
https://www.mongodb.com/en-us/training/modules/intro-to-arc-for-servers,-1
https://www.mongodb.com/en-us/training/modules/intro-to-arc-for-servers/,-1
https://www.mongodb.com/en-us/training/modules/intro-to-azure-arc,-1
https://www.mongodb.com/en-us/training/modules/intro-to-azure-arc/,-1
https://www.mongodb.com/events,-1
https://www.mongodb.com/evolved,-1
https://www.mongodb.com/industries,-1
https://www.mongodb.com/ja-jp/docs/,-1
https://www.mongodb.com/ja-jp/docs/atlas/,-1
https://www.mongodb.com/ja-jp/docs/atlas/atlas-search/tutorials/,-1
https://www.mongodb.com/ja-jp/docs/atlas/getting-started/,-1
https://www.mongodb.com/ja-jp/docs/drivers/,-1
https://www.mongodb.com/ja-jp/docs/guides/,-1
https://www.mongodb.com/ja-jp/docs/manual/,-1
https://www.mongodb.com/ja-jp/docs/tools-and-connectors/,-1
https://www.mongodb.com/json-and-bson,-1
https://www.mongodb.com/kafka-connector,-1
https://www.mongodb.com/ko-kr/docs/,-1
https://www.mongodb.com/ko-kr/docs/atlas/,-1
https://www.mongodb.com/ko-kr/docs/atlas/atlas-search/tutorials/,-1
https://www.mongodb.com/ko-kr/docs/atlas/getting-started/,-1
https://www.mongodb.com/ko-kr/docs/drivers/,-1
https://www.mongodb.com/ko-kr/docs/guides/,-1
https://www.mongodb.com/ko-kr/docs/manual/,-1
https://www.mongodb.com/ko-kr/docs/tools-and-connectors/,-1
https://www.mongodb.com/kubernetes,-1
https://www.mongodb.com/languages,-1
https://www.mongodb.com/languages/javascript,-1
https://www.mongodb.com/languages/mean-stack-tutorial,-1
https://www.mongodb.com/leadership,-1
https://www.mongodb.com/legal,-1
https://www.mongodb.com/legal/acceptable-use-policy,-1
https://www.mongodb.com/legal/data-privacy-framework-statement,-1
https://www.mongodb.com/legal/digital-services-act-information,-1
https://www.mongodb.com/legal/law-enforcement-info-request,-1
https://www.mongodb.com/legal/legal-notices,-1
https://www.mongodb.com/legal/licensing/community-edition,-1
https://www.mongodb.com/legal/modern-slavery-statement,-1
https://www.mongodb.com/legal/privacy,-1
https://www.mongodb.com/legal/privacy-policy,-1
https://www.mongodb.com/legal/privacy/privacy-policy,-1
https://www.mongodb.com/legal/support-policy,-1
https://www.mongodb.com/legal/terms-of-use,-1
https://www.mongodb.com/legal/trademark-usage-guidelines,-1
https://www.mongodb.com/library/customer-case-studies,-1
https://www.mongodb.com/library/resources,-1
https://www.mongodb.com/lp/cloud/atlas/realm,-1
https://www.mongodb.com/mongodb-query-api,-1
https://www.mongodb.com/mongodb-si-architect-certification-program,-1
https://www.mongodb.com/nosql-explained,-1
https://www.mongodb.com/nosql-explained/advantages,-1
https://www.mongodb.com/nosql-explained/data-modeling,-1
https://www.mongodb.com/nosql-explained/examples,-1
https://www.mongodb.com/nosql-explained/nosql-vs-sql,-1
https://www.mongodb.com/nosql-explained/when-to-use-nosql,-1
https://www.mongodb.com/partners,-1
https://www.mongodb.com/partners/partner-program/partner-onboarding-guide,-1
https://www.mongodb.com/presentations/webinar-get-started-with-the-mean-stack,-1
https://www.mongodb.com/press/mongo-db-announces-expansion-of-the-mongo-db-ai-applications-program,-1
https://www.mongodb.com/press/mongo-db-announces-general-availability-of-mongo-db-8-0,-1
https://www.mongodb.com/press/mongo-db-deepens-partnership-with-microsoft-through-new-integrations-for-ai-and-data-analytics,-1
https://www.mongodb.com/pressroom,-1
https://www.mongodb.com/press/visiontrack-improves-driver-safety-with-mongodb-powered-iot-video-telematics-platform,-1
https://www.mongodb.com/pricing,-1
https://www.mongodb.com/products,-1
https://www.mongodb.com/products/bi-connector,-1
https://www.mongodb.com/products/capabilities/mongodb-scale,-1
https://www.mongodb.com/products/capabilities/security,-1
https://www.mongodb.com/products/capabilities/security/encryption,-1
https://www.mongodb.com/products/capabilities/time-series,-1
https://www.mongodb.com/products/capabilities/transactions,-1
https://www.mongodb.com/products/charts,-1
https://www.mongodb.com/products/enterprise-advanced/support,-1
https://www.mongodb.com/products/features/mongodb-query-api,-1
https://www.mongodb.com/products/integrations/bi-connector,-1
https://www.mongodb.com/products/integrations/kafka-connector,-1
https://www.mongodb.com/products/integrations/kubernetes,-1
https://www.mongodb.com/products/integrations/spark-connector,-1
https://www.mongodb.com/products/mongodb-enterprise-advanced,-1
https://www.mongodb.com/products/ops-manager,-1
https://www.mongodb.com/products/platform/atlas-charts,-1
https://www.mongodb.com/products/platform/atlas-cloud-providers/aws,-1
https://www.mongodb.com/products/platform/atlas-cloud-providers/azure,-1
https://www.mongodb.com/products/platform/atlas-cloud-providers/google-cloud,-1
https://www.mongodb.com/products/platform/atlas-cloud-providers/resources/basics/databases/document-databases,-1
https://www.mongodb.com/products/platform/atlas-database,-1
https://www.mongodb.com/products/platform/atlas-data-federation,-1
https://www.mongodb.com/products/platform/atlas-for-government,-1
https://www.mongodb.com/products/platform/atlas-online-archive,-1
https://www.mongodb.com/products/platform/atlas-search,-1
https://www.mongodb.com/products/platform/atlas-search/features,-1
https://www.mongodb.com/products/platform/atlas-search/getting-started,-1
https://www.mongodb.com/products/platform/atlas-sql-interface,-1
https://www.mongodb.com/products/platform/atlas-stream-processing,-1
https://www.mongodb.com/products/platform/atlas-stream-processing/features,-1
https://www.mongodb.com/products/platform/atlas-stream-processing/getting-started,-1
https://www.mongodb.com/products/platform/atlas-vector-search,-1
https://www.mongodb.com/products/platform/atlas-vector-search/features,-1
https://www.mongodb.com/products/platform/atlas-vector-search/getting-started,-1
https://www.mongodb.com/products/platform/cloud,-1
https://www.mongodb.com/products/platform/migrate,-1
https://www.mongodb.com/products/platform/trust,-1
https://www.mongodb.com/products/self-managed/community-edition,-1
https://www.mongodb.com/products/self-managed/enterprise-advanced,-1
https://www.mongodb.com/products/self-managed/enterprise-advanced/ops-manager,-1
https://www.mongodb.com/products/spark-connector,-1
https://www.mongodb.com/products/tools,-1
https://www.mongodb.com/products/tools/atlas-cli,-1
https://www.mongodb.com/products/tools/cloud-manager,-1
https://www.mongodb.com/products/tools/compass,-1
https://www.mongodb.com/products/tools/mongodb-query-api,-1
https://www.mongodb.com/products/tools/relational-migrator,-1
https://www.mongodb.com/products/tools/shell,-1
https://www.mongodb.com/products/tools/vs-code,-1
https://www.mongodb.com/products/updates/product-support-deprecation,-1
https://www.mongodb.com/products/updates/version-release,-1
https://www.mongodb.com/products/vs-code,-1
https://www.mongodb.com/pt-br/docs/,-1
https://www.mongodb.com/pt-br/docs/atlas/,-1
https://www.mongodb.com/pt-br/docs/atlas/atlas-search/tutorials/,-1
https://www.mongodb.com/pt-br/docs/atlas/getting-started/,-1
https://www.mongodb.com/pt-br/docs/drivers/,-1
https://www.mongodb.com/pt-br/docs/guides/,-1
https://www.mongodb.com/pt-br/docs/manual/,-1
https://www.mongodb.com/pt-br/docs/tools-and-connectors/,-1
https://www.mongodb.com/realm/register,-1
https://www.mongodb.com/resources,-1
https://www.mongodb.com/resources/basics/ai-stack,-1
https://www.mongodb.com/resources/basics/artificial-intelligence/ai-stack,-1
https://www.mongodb.com/resources/basics/artificial-intelligence/large-language-models,-1
https://www.mongodb.com/resources/basics/artificial-intelligence/retrieval-augmented-generation,-1
https://www.mongodb.com/resources/basics/big-data-explained,-1
https://www.mongodb.com/resources/basics/cloud-explained/business-intelligence-bi-tools,-1
https://www.mongodb.com/resources/basics/databases/acid-transactions,-1
https://www.mongodb.com/resources/basics/databases/databases,-1
https://www.mongodb.com/resources/basics/databases/distributed-database,-1
https://www.mongodb.com/resources/basics/databases/document-databases,-1
https://www.mongodb.com/resources/basics/databases/mongodb-graph-database,-1
https://www.mongodb.com/resources/basics/databases/nosql-explained,-1
https://www.mongodb.com/resources/basics/databases/nosql-explained/advantages,-1
https://www.mongodb.com/resources/basics/databases/nosql-explained/data-modeling,-1
https://www.mongodb.com/resources/basics/databases/nosql-explained/nosql-vs-sql,-1
https://www.mongodb.com/resources/basics/databases/nosql-explained/when-to-use-nosql,-1
https://www.mongodb.com/resources/basics/databases/types,-1
https://www.mongodb.com/resources/basics/databases/vector-databases,-1
https://www.mongodb.com/resources/basics/databases/what-are-acid-transactions,-1
https://www.mongodb.com/resources/basics/high-availability,-1
https://www.mongodb.com/resources/basics/json-and-bson,-1
https://www.mongodb.com/resources/basics/real-time-analytics-examples,-1
https://www.mongodb.com/resources/basics/retrieval-augmented-generation,-1
https://www.mongodb.com/resources/basics/scaling,-1
https://www.mongodb.com/resources/basics/unstructured-data,-1
https://www.mongodb.com/resources/basics/vector-embeddings,-1
https://www.mongodb.com/resources/basics/what-is-stream-processing,-1
https://www.mongodb.com/resources/compare/relational-vs-non-relational-databases,-1
https://www.mongodb.com/resources/languages,-1
https://www.mongodb.com/resources/languages/javascript,-1
https://www.mongodb.com/resources/languages/mean-stack,-1
https://www.mongodb.com/resources/languages/mean-stack-tutorial,-1
https://www.mongodb.com/resources/languages/mern-stack,-1
https://www.mongodb.com/resources/languages/mern-stack-tutorial,-1
https://www.mongodb.com/resources/products/alerts,-1
https://www.mongodb.com/resources/products/capabilities/acid-compliance,-1
https://www.mongodb.com/resources/products/capabilities/aggregation-pipeline,-1
https://www.mongodb.com/resources/products/capabilities/mongodb-multi-document-acid-transactions,-1
https://www.mongodb.com/resources/products/compatibilities/compatibility,-1
https://www.mongodb.com/resources/products/fundamentals/basics,-1
https://www.mongodb.com/resources/products/fundamentals/why-use-mongodb,-1
https://www.mongodb.com/resources/products/mongodb-security-bulletins,-1
https://www.mongodb.com/resources/products/mongodb-version-history,-1
https://www.mongodb.com/resources/products/platform/event-stream-processing,-1
https://www.mongodb.com/resources/products/platform/mongodb-atlas-tutorial,-1
https://www.mongodb.com/resources/products/self-managed/value-mongodb-subscriptions-datasheet,-1
https://www.mongodb.com/resources/solutions/use-cases/building-event-driven-applications-with-mongodb,-1
https://www.mongodb.com/resources/solutions/use-cases/mongodb-evolves-its-portfolio-with-ai-at-the-top,-1
https://www.mongodb.com/resources/solutions/use-cases/top-translytical-data-platforms-2024,-1
https://www.mongodb.com/resources/solutions/use-cases/use-case-guidance-where-to-use-mongodb,-1
https://www.mongodb.com/resources/use-cases/artificial-intelligence,-1
https://www.mongodb.com/scale/nosql-vs-relational-databases,-1
https://www.mongodb.com/scale/types-of-nosql-databases,-1
https://www.mongodb.com/services/consulting/ai-applications-program,-1
https://www.mongodb.com/services/consulting/major-version-upgrade,-1
https://www.mongodb.com/services/customer-success-program,-1
https://www.mongodb.com/services/support,-1
https://www.mongodb.com/services/support/atlas-support-plans,-1
https://www.mongodb.com/services/support/enterprise-advanced-support-plans,-1
https://www.mongodb.com/solutions/customer-case-studies,-1
https://www.mongodb.com/solutions/customer-case-studies/bendigo-and-adelaide-bank,-1
https://www.mongodb.com/solutions/customer-case-studies/loreal,-1
https://www.mongodb.com/solutions/customer-case-studies/novo-nordisk,-1
https://www.mongodb.com/solutions/customer-case-studies/roma,-1
https://www.mongodb.com/solutions/customer-case-studies/surfline,-1
https://www.mongodb.com/solutions/developer-data-platform,-1
https://www.mongodb.com/solutions/industries,-1
https://www.mongodb.com/solutions/industries/financial-services,-1
https://www.mongodb.com/solutions/industries/healthcare,-1
https://www.mongodb.com/solutions/industries/manufacturing,-1
https://www.mongodb.com/solutions/industries/public-sector,-1
https://www.mongodb.com/solutions/industries/retail,-1
https://www.mongodb.com/solutions/industries/telecommunications,-1
https://www.mongodb.com/solutions/solutions-library,-1
https://www.mongodb.com/solutions/solutions-library/gaming-player-profiles-solution,-1
https://www.mongodb.com/solutions/startups,-1
https://www.mongodb.com/solutions/startups/ai-innovators,-1
https://www.mongodb.com/solutions/startups/terms-conditions,-1
https://www.mongodb.com/solutions/use-cases,-1
https://www.mongodb.com/solutions/use-cases/analytics/embedded-analytics,-1
https://www.mongodb.com/solutions/use-cases/artificial-intelligence,-1
https://www.mongodb.com/solutions/use-cases/edge-and-mobile,-1
https://www.mongodb.com/solutions/use-cases/edge-computing,-1
https://www.mongodb.com/solutions/use-cases/gaming,-1
https://www.mongodb.com/solutions/use-cases/internet-of-things,-1
https://www.mongodb.com/solutions/use-cases/mobile,-1
https://www.mongodb.com/solutions/use-cases/modernize,-1
https://www.mongodb.com/solutions/use-cases/payments,-1
https://www.mongodb.com/solutions/use-cases/serverless,-1
https://www.mongodb.com/startups,-1
https://www.mongodb.com/startups/ai-innovators,-1
https://www.mongodb.com/startups/partners/terms-conditions,-1
https://www.mongodb.com/subscription/downloads/archived,-1
https://www.mongodb.com/support-policy,-1
https://www.mongodb.com/time-series,-1
https://www.mongodb.com/tools/atlas-cli,-1
https://www.mongodb.com/transactions,-1
https://www.mongodb.com/try,-1
https://www.mongodb.com/try/download/atlascli,-1
https://www.mongodb.com/try/download/atlas-kubernetes-operator,-1
https://www.mongodb.com/try/download/atlas-sql,-1
https://www.mongodb.com/try/download/bi-connector,-1
https://www.mongodb.com/try/download/community,-1
https://www.mongodb.com/try/download/community-edition,-1
https://www.mongodb.com/try/download/community-edition/releases,-1
https://www.mongodb.com/try/download/community-edition/releases/archive,-1
https://www.mongodb.com/try/download/community-edition/releases/development,-1
https://www.mongodb.com/try/download/community-kubernetes-operator,-1
https://www.mongodb.com/try/download/compass,-1
https://www.mongodb.com/try/download/database-tools,-1
https://www.mongodb.com/try/download/enterprise,-1
https://www.mongodb.com/try/download/enterprise-advanced,-1
https://www.mongodb.com/try/download/enterprise-advanced/releases,-1
https://www.mongodb.com/try/download/enterprise-advanced/releases/archive,-1
https://www.mongodb.com/try/download/enterprise-advanced/releases/development,-1
https://www.mongodb.com/try/download/enterprise-kubernetes-operator,-1
https://www.mongodb.com/try/download/jdbc-driver,-1
https://www.mongodb.com/try/download/mongocli,-1
https://www.mongodb.com/try/download/mongosync,-1
https://www.mongodb.com/try/download/odbc-driver,-1
https://www.mongodb.com/try/download/ops-manager,-1
https://www.mongodb.com/try/download/ops-manager/releases/archive,-1
https://www.mongodb.com/try/download/power-bi-connector,-1
https://www.mongodb.com/try/download/relational-migrator,-1
https://www.mongodb.com/try/download/shell,-1
https://www.mongodb.com/try/download/tableau-connector,-1
https://www.mongodb.com/try/download/tools,-1
https://www.mongodb.com/unstructured-data,-1
https://www.mongodb.com/use-cases/analytics/embedded-analytics,-1
https://www.mongodb.com/use-cases/atlas-for-the-edge,-1
https://www.mongodb.com/use-cases/mobile,-1
https://www.mongodb.com/use-cases/serverless,-1
https://www.mongodb.com/who-uses-mongodb,-1
https://www.mongodb.com/why-use-mongodb,-1
https://www.mongodb.com/zh-cn/docs/,-1
https://www.mongodb.com/zh-cn/docs/atlas/,-1
https://www.mongodb.com/zh-cn/docs/atlas/atlas-search/tutorials/,-1
https://www.mongodb.com/zh-cn/docs/atlas/getting-started/,-1
https://www.mongodb.com/zh-cn/docs/drivers/,-1
https://www.mongodb.com/zh-cn/docs/guides/,-1
https://www.mongodb.com/zh-cn/docs/manual/,-1
https://www.mongodb.com/zh-cn/docs/tools-and-connectors/,-1
