http://expressjs.com/,-1
http://expressjs.com/2024/07/16/welcome-post.html,-1
http://expressjs.com/2024/09/29/security-releases.html,-1
http://expressjs.com/2024/10/01/HeroDevs-partnership-announcement.html,-1
http://expressjs.com/2024/10/15/v5-release.html,-1
http://expressjs.com/2024/10/22/security-audit-milestone-achievement.html,-1
http://expressjs.com/2025/01/09/rewind-2024-triumphs-and-2025-vision.html,-1
http://expressjs.com/2x/,-1
http://expressjs.com/4x/api.html,-1
http://expressjs.com/5x/api.html,-1
http://expressjs.com/advanced/best-practice-performance.html,-1
http://expressjs.com/api,-1
http://expressjs.com/api.html,-1
http://expressjs.com/de/,-1
http://expressjs.com/de/3x/api.html,-1
http://expressjs.com/de/4x/api.html,-1
http://expressjs.com/de/5x/api.html,-1
http://expressjs.com/de/advanced/best-practice-performance.html,-1
http://expressjs.com/de/advanced/best-practice-security.html,-1
http://expressjs.com/de/advanced/developing-template-engines.html,-1
http://expressjs.com/de/advanced/security-updates.html,-1
http://expressjs.com/de/api.html,-1
http://expressjs.com/de/guide/behind-proxies.html,-1
http://expressjs.com/de/guide/database-integration.html,-1
http://expressjs.com/de/guide/debugging.html,-1
http://expressjs.com/de/guide/error-handling.html,-1
http://expressjs.com/de/guide/migrating-4.html,-1
http://expressjs.com/de/guide/migrating-5.html,-1
http://expressjs.com/de/guide/routing.html,-1
http://expressjs.com/de/guide/using-middleware.html,-1
http://expressjs.com/de/guide/using-template-engines.html,-1
http://expressjs.com/de/guide/writing-middleware.html,-1
http://expressjs.com/de/resources/community.html,-1
http://expressjs.com/de/resources/glossary.html,-1
http://expressjs.com/de/resources/middleware.html,-1
http://expressjs.com/de/starter/basic-routing.html,-1
http://expressjs.com/de/starter/faq.html,-1
http://expressjs.com/de/starter/generator.html,-1
http://expressjs.com/de/starter/hello-world.html,-1
http://expressjs.com/de/starter/installing.html,-1
http://expressjs.com/de/starter/static-files.html,-1
http://expressjs.com/de/support,-1
http://expressjs.com/de/support/,-1
http://expressjs.com/en/,-1
http://expressjs.com/en/3x/api.html,-1
http://expressjs.com/en/4x/api.html,-1
http://expressjs.com/en/5x/api.html,-1
http://expressjs.com/en/advanced/best-practice-performance.html,-1
http://expressjs.com/en/advanced/best-practice-security.html,-1
http://expressjs.com/en/advanced/developing-template-engines.html,-1
http://expressjs.com/en/advanced/healthcheck-graceful-shutdown.html,-1
http://expressjs.com/en/advanced/security-updates.html,-1
http://expressjs.com/en/api.html,-1
http://expressjs.com/en/blog/posts,-1
http://expressjs.com/en/blog/posts.html,-1
http://expressjs.com/en/blog/write-post.html,-1
http://expressjs.com/en/changelog/,-1
http://expressjs.com/en/changelog/4x.html,-1
http://expressjs.com/en/guide/behind-proxies.html,-1
http://expressjs.com/en/guide/database-integration.html,-1
http://expressjs.com/en/guide/debugging.html,-1
http://expressjs.com/en/guide/error-handling.html,-1
http://expressjs.com/en/guide/migrating-4.html,-1
http://expressjs.com/en/guide/migrating-5,-1
http://expressjs.com/en/guide/migrating-5.html,-1
http://expressjs.com/en/guide/overriding-express-api.html,-1
http://expressjs.com/en/guide/routing.html,-1
http://expressjs.com/en/guide/using-middleware.html,-1
http://expressjs.com/en/guide/using-template-engines.html,-1
http://expressjs.com/en/guide/writing-middleware.html,-1
http://expressjs.com/en/resources/community.html,-1
http://expressjs.com/en/resources/contributing.html,-1
http://expressjs.com/en/resources/glossary.html,-1
http://expressjs.com/en/resources/middleware/body-parser.html,-1
http://expressjs.com/en/resources/middleware/compression.html,-1
http://expressjs.com/en/resources/middleware/connect-rid.html,-1
http://expressjs.com/en/resources/middleware/cookie-parser.html,-1
http://expressjs.com/en/resources/middleware/cookie-session.html,-1
http://expressjs.com/en/resources/middleware/cors.html,-1
http://expressjs.com/en/resources/middleware/errorhandler.html,-1
http://expressjs.com/en/resources/middleware.html,-1
http://expressjs.com/en/resources/middleware/LICENSE,-1
http://expressjs.com/en/resources/middleware/method-override.html,-1
http://expressjs.com/en/resources/middleware/morgan.html,-1
http://expressjs.com/en/resources/middleware/multer.html,-1
http://expressjs.com/en/resources/middleware/response-time.html,-1
http://expressjs.com/en/resources/middleware/rfc-cutler-httpbis-partitioned-cookies,-1
http://expressjs.com/en/resources/middleware/serve-favicon.html,-1
http://expressjs.com/en/resources/middleware/serve-index.html,-1
http://expressjs.com/en/resources/middleware/serve-static.html,-1
http://expressjs.com/en/resources/middleware/session.html,-1
http://expressjs.com/en/resources/middleware/timeout.html,-1
http://expressjs.com/en/resources/middleware/vhost.html,-1
http://expressjs.com/en/resources/utils.html,-1
http://expressjs.com/en/starter/basic-routing.html,-1
http://expressjs.com/en/starter/examples.html,-1
http://expressjs.com/en/starter/faq.html,-1
http://expressjs.com/en/starter/generator.html,-1
http://expressjs.com/en/starter/hello-world.html,-1
http://expressjs.com/en/starter/installing.html,-1
http://expressjs.com/en/starter/static-files.html,-1
http://expressjs.com/en/support,-1
http://expressjs.com/en/support/,-1
http://expressjs.com/es,-1
http://expressjs.com/es/,-1
http://expressjs.com/es/3x/api.html,-1
http://expressjs.com/es/4x/api.html,-1
http://expressjs.com/es/5x/api.html,-1
http://expressjs.com/es/advanced/best-practice-performance.html,-1
http://expressjs.com/es/advanced/best-practice-security.html,-1
http://expressjs.com/es/advanced/developing-template-engines.html,-1
http://expressjs.com/es/advanced/security-updates.html,-1
http://expressjs.com/es/api.html,-1
http://expressjs.com/es/guide/behind-proxies.html,-1
http://expressjs.com/es/guide/database-integration.html,-1
http://expressjs.com/es/guide/debugging.html,-1
http://expressjs.com/es/guide/error-handling.html,-1
http://expressjs.com/es/guide/migrating-4.html,-1
http://expressjs.com/es/guide/migrating-5.html,-1
http://expressjs.com/es/guide/routing.html,-1
http://expressjs.com/es/guide/using-middleware.html,-1
http://expressjs.com/es/guide/using-template-engines.html,-1
http://expressjs.com/es/guide/writing-middleware.html,-1
http://expressjs.com/es/resources/community.html,-1
http://expressjs.com/es/resources/glossary.html,-1
http://expressjs.com/es/resources/middleware.html,-1
http://expressjs.com/es/resources/utils.html,-1
http://expressjs.com/es/starter/basic-routing.html,-1
http://expressjs.com/es/starter/faq.html,-1
http://expressjs.com/es/starter/generator.html,-1
http://expressjs.com/es/starter/hello-world.html,-1
http://expressjs.com/es/starter/installing.html,-1
http://expressjs.com/es/starter/static-files.html,-1
http://expressjs.com/es/support,-1
http://expressjs.com/es/support/,-1
http://expressjs.com/fr/,-1
http://expressjs.com/fr/3x/api.html,-1
http://expressjs.com/fr/4x/api.html,-1
http://expressjs.com/fr/5x/api.html,-1
http://expressjs.com/fr/advanced/best-practice-performance.html,-1
http://expressjs.com/fr/advanced/best-practice-security.html,-1
http://expressjs.com/fr/advanced/developing-template-engines.html,-1
http://expressjs.com/fr/advanced/security-updates.html,-1
http://expressjs.com/fr/api.html,-1
http://expressjs.com/fr/guide/behind-proxies.html,-1
http://expressjs.com/fr/guide/database-integration.html,-1
http://expressjs.com/fr/guide/debugging.html,-1
http://expressjs.com/fr/guide/error-handling.html,-1
http://expressjs.com/fr/guide/migrating-4.html,-1
http://expressjs.com/fr/guide/migrating-5.html,-1
http://expressjs.com/fr/guide/routing.html,-1
http://expressjs.com/fr/guide/using-middleware.html,-1
http://expressjs.com/fr/guide/using-template-engines.html,-1
http://expressjs.com/fr/guide/writing-middleware.html,-1
http://expressjs.com/fr/resources/community.html,-1
http://expressjs.com/fr/resources/glossary.html,-1
http://expressjs.com/fr/resources/middleware.html,-1
http://expressjs.com/fr/starter/basic-routing.html,-1
http://expressjs.com/fr/starter/faq.html,-1
http://expressjs.com/fr/starter/generator.html,-1
http://expressjs.com/fr/starter/hello-world.html,-1
http://expressjs.com/fr/starter/installing.html,-1
http://expressjs.com/fr/starter/pugjs.org,-1
http://expressjs.com/fr/starter/static-files.html,-1
http://expressjs.com/fr/support,-1
http://expressjs.com/fr/support/,-1
http://expressjs.com/guide/error-handling.html,-1
http://expressjs.com/id/,-1
http://expressjs.com/id/3x/api.html,-1
http://expressjs.com/id/4x%20/api.html,-1
http://expressjs.com/id/4x/api.html,-1
http://expressjs.com/id/5x/api.html,-1
http://expressjs.com/id/advanced/best-practice-performance.html,-1
http://expressjs.com/id/advanced/best-practice-security.html,-1
http://expressjs.com/id/advanced/developing-template-engines.html,-1
http://expressjs.com/id/advanced/healthcheck-graceful-shutdown.html,-1
http://expressjs.com/id/advanced/security-updates.html,-1
http://expressjs.com/id/api.html,-1
http://expressjs.com/id/changelog/,-1
http://expressjs.com/id/changelog/4x.html,-1
http://expressjs.com/id/changelog/id/guide/migrating-5.html,-1
http://expressjs.com/id/guide/behind-proxies.html,-1
http://expressjs.com/id/guide/database-integration.html,-1
http://expressjs.com/id/guide/debugging.html,-1
http://expressjs.com/id/guide/error-handling.html,-1
http://expressjs.com/id/guide/migrating-4.html,-1
http://expressjs.com/id/guide/migrating-5.html,-1
http://expressjs.com/id/guide/overriding-express-api.html,-1
http://expressjs.com/id/guide/routing.html,-1
http://expressjs.com/id/guide/using-middleware.html,-1
http://expressjs.com/id/guide/using-template-engines.html,-1
http://expressjs.com/id/guide/writing-middleware.html,-1
http://expressjs.com/id/id/5x/api.html,-1
http://expressjs.com/id/id/changelog/4x.html,-1
http://expressjs.com/id/id/resources/middleware.html,-1
http://expressjs.com/id/resources/community.html,-1
http://expressjs.com/id/resources/contributing.html,-1
http://expressjs.com/id/resources/glossary.html,-1
http://expressjs.com/id/resources/middleware.html,-1
http://expressjs.com/id/resources/utils.html,-1
http://expressjs.com/id/starter/basic-routing.html,-1
http://expressjs.com/id/starter/examples.html,-1
http://expressjs.com/id/starter/faq.html,-1
http://expressjs.com/id/starter/generator.html,-1
http://expressjs.com/id/starter/hello-world.html,-1
http://expressjs.com/id/starter/installing.html,-1
http://expressjs.com/id/starter/static-files.html,-1
http://expressjs.com/id/support,-1
http://expressjs.com/id/support/,-1
http://expressjs.com/it/,-1
http://expressjs.com/it/3x/api.html,-1
http://expressjs.com/it/4x/api.html,-1
http://expressjs.com/it/5x/api.html,-1
http://expressjs.com/it/advanced/best-practice-performance.html,-1
http://expressjs.com/it/advanced/best-practice-security.html,-1
http://expressjs.com/it/advanced/developing-template-engines.html,-1
http://expressjs.com/it/advanced/security-updates.html,-1
http://expressjs.com/it/api.html,-1
http://expressjs.com/it/guide/behind-proxies.html,-1
http://expressjs.com/it/guide/database-integration.html,-1
http://expressjs.com/it/guide/debugging.html,-1
http://expressjs.com/it/guide/error-handling.html,-1
http://expressjs.com/it/guide/migrating-4.html,-1
http://expressjs.com/it/guide/migrating-5.html,-1
http://expressjs.com/it/guide/routing.html,-1
http://expressjs.com/it/guide/using-middleware.html,-1
http://expressjs.com/it/guide/using-template-engines.html,-1
http://expressjs.com/it/guide/writing-middleware.html,-1
http://expressjs.com/it/resources/community.html,-1
http://expressjs.com/it/resources/glossary.html,-1
http://expressjs.com/it/resources/middleware.html,-1
http://expressjs.com/it/starter/basic-routing.html,-1
http://expressjs.com/it/starter/faq.html,-1
http://expressjs.com/it/starter/generator.html,-1
http://expressjs.com/it/starter/hello-world.html,-1
http://expressjs.com/it/starter/installing.html,-1
http://expressjs.com/it/starter/static-files.html,-1
http://expressjs.com/it/support,-1
http://expressjs.com/it/support/,-1
http://expressjs.com/ja,-1
http://expressjs.com/ja/,-1
http://expressjs.com/ja/3x/api.html,-1
http://expressjs.com/ja/4x/api.html,-1
http://expressjs.com/ja/5x/api.html,-1
http://expressjs.com/ja/advanced/best-practice-performance.html,-1
http://expressjs.com/ja/advanced/best-practice-security.html,-1
http://expressjs.com/ja/advanced/developing-template-engines.html,-1
http://expressjs.com/ja/advanced/security-updates.html,-1
http://expressjs.com/ja/api.html,-1
http://expressjs.com/ja/guide/behind-proxies.html,-1
http://expressjs.com/ja/guide/database-integration.html,-1
http://expressjs.com/ja/guide/debugging.html,-1
http://expressjs.com/ja/guide/error-handling.html,-1
http://expressjs.com/ja/guide/migrating-4.html,-1
http://expressjs.com/ja/guide/migrating-5.html,-1
http://expressjs.com/ja/guide/routing.html,-1
http://expressjs.com/ja/guide/using-middleware.html,-1
http://expressjs.com/ja/guide/using-template-engines.html,-1
http://expressjs.com/ja/guide/writing-middleware.html,-1
http://expressjs.com/ja/resources/community.html,-1
http://expressjs.com/ja/resources/contributing.html,-1
http://expressjs.com/ja/resources/glossary.html,-1
http://expressjs.com/ja/resources/middleware.html,-1
http://expressjs.com/ja/starter/basic-routing.html,-1
http://expressjs.com/ja/starter/faq.html,-1
http://expressjs.com/ja/starter/generator.html,-1
http://expressjs.com/ja/starter/hello-world.html,-1
http://expressjs.com/ja/starter/installing.html,-1
http://expressjs.com/ja/starter/static-files.html,-1
http://expressjs.com/ja/support,-1
http://expressjs.com/ja/support/,-1
http://expressjs.com/ko,-1
http://expressjs.com/ko/,-1
http://expressjs.com/ko/3x/api.html,-1
http://expressjs.com/ko/4x/api.html,-1
http://expressjs.com/ko/5x/api.html,-1
http://expressjs.com/ko/advanced/best-practice-performance.html,-1
http://expressjs.com/ko/advanced/best-practice-security.html,-1
http://expressjs.com/ko/advanced/developing-template-engines.html,-1
http://expressjs.com/ko/advanced/security-updates.html,-1
http://expressjs.com/ko/api.html,-1
http://expressjs.com/ko/changelog/4x.html,-1
http://expressjs.com/ko/guide/behind-proxies.html,-1
http://expressjs.com/ko/guide/database-integration.html,-1
http://expressjs.com/ko/guide/debugging.html,-1
http://expressjs.com/ko/guide/error-handling.html,-1
http://expressjs.com/ko/guide/migrating-4.html,-1
http://expressjs.com/ko/guide/migrating-5.html,-1
http://expressjs.com/ko/guide/routing.html,-1
http://expressjs.com/ko/guide/using-middleware.html,-1
http://expressjs.com/ko/guide/using-template-engines.html,-1
http://expressjs.com/ko/guide/writing-middleware.html,-1
http://expressjs.com/ko/resources/community.html,-1
http://expressjs.com/ko/resources/glossary.html,-1
http://expressjs.com/ko/resources/middleware.html,-1
http://expressjs.com/ko/starter/basic-routing.html,-1
http://expressjs.com/ko/starter/faq.html,-1
http://expressjs.com/ko/starter/generator.html,-1
http://expressjs.com/ko/starter/hello-world.html,-1
http://expressjs.com/ko/starter/installing.html,-1
http://expressjs.com/ko/starter/static-files.html,-1
http://expressjs.com/ko/support,-1
http://expressjs.com/ko/support/,-1
http://expressjs.com/pt-br,-1
http://expressjs.com/pt-br/,-1
http://expressjs.com/pt-br/3x/api.html,-1
http://expressjs.com/pt-br/4x/api.html,-1
http://expressjs.com/pt-br/5x/api.html,-1
http://expressjs.com/pt-br/advanced/best-practice-performance.html,-1
http://expressjs.com/pt-br/advanced/best-practice-security.html,-1
http://expressjs.com/pt-br/advanced/developing-template-engines.html,-1
http://expressjs.com/pt-br/advanced/security-updates.html,-1
http://expressjs.com/pt-br/api.html,-1
http://expressjs.com/pt-br/guide/behind-proxies.html,-1
http://expressjs.com/pt-br/guide/database-integration.html,-1
http://expressjs.com/pt-br/guide/debugging.html,-1
http://expressjs.com/pt-br/guide/error-handling.html,-1
http://expressjs.com/pt-br/guide/migrating-4.html,-1
http://expressjs.com/pt-br/guide/migrating-5.html,-1
http://expressjs.com/pt-br/guide/routing.html,-1
http://expressjs.com/pt-br/guide/using-middleware.html,-1
http://expressjs.com/pt-br/guide/using-template-engines.html,-1
http://expressjs.com/pt-br/guide/writing-middleware.html,-1
http://expressjs.com/pt-br/pt-br/changelog/4x.html,-1
http://expressjs.com/pt-br/pt-br/resources/middleware.html,-1
http://expressjs.com/pt-br/resources/community.html,-1
http://expressjs.com/pt-br/resources/glossary.html,-1
http://expressjs.com/pt-br/resources/middleware.html,-1
http://expressjs.com/pt-br/resources/utils.html,-1
http://expressjs.com/pt-br/starter/basic-routing.html,-1
http://expressjs.com/pt-br/starter/faq.html,-1
http://expressjs.com/pt-br/starter/generator.html,-1
http://expressjs.com/pt-br/starter/hello-world.html,-1
http://expressjs.com/pt-br/starter/installing.html,-1
http://expressjs.com/pt-br/starter/static-files.html,-1
http://expressjs.com/pt-br/support,-1
http://expressjs.com/pt-br/support/,-1
http://expressjs.com/resources/middleware/body-parser.html,-1
http://expressjs.com/resources/middleware/compression.html,-1
http://expressjs.com/resources/middleware/connect-rid.html,-1
http://expressjs.com/resources/middleware/cookie-parser.html,-1
http://expressjs.com/resources/middleware/cookie-session.html,-1
http://expressjs.com/resources/middleware/cors.html,-1
http://expressjs.com/resources/middleware/errorhandler.html,-1
http://expressjs.com/resources/middleware.html,-1
http://expressjs.com/resources/middleware/method-override.html,-1
http://expressjs.com/resources/middleware/morgan.html,-1
http://expressjs.com/resources/middleware/multer.html,-1
http://expressjs.com/resources/middleware/response-time.html,-1
http://expressjs.com/resources/middleware/serve-favicon.html,-1
http://expressjs.com/resources/middleware/serve-index.html,-1
http://expressjs.com/resources/middleware/serve-static.html,-1
http://expressjs.com/resources/middleware/session.html,-1
http://expressjs.com/resources/middleware/timeout.html,-1
http://expressjs.com/resources/middleware/vhost.html,-1
http://expressjs.com/ru,-1
http://expressjs.com/ru/,-1
http://expressjs.com/ru/3x/api.html,-1
http://expressjs.com/ru/4x/api.html,-1
http://expressjs.com/ru/5x/api.html,-1
http://expressjs.com/ru/advanced/best-practice-performance.html,-1
http://expressjs.com/ru/advanced/best-practice-security.html,-1
http://expressjs.com/ru/advanced/developing-template-engines.html,-1
http://expressjs.com/ru/advanced/security-updates.html,-1
http://expressjs.com/ru/api.html,-1
http://expressjs.com/ru/guide/behind-proxies.html,-1
http://expressjs.com/ru/guide/database-integration.html,-1
http://expressjs.com/ru/guide/debugging.html,-1
http://expressjs.com/ru/guide/error-handling.html,-1
http://expressjs.com/ru/guide/migrating-4.html,-1
http://expressjs.com/ru/guide/migrating-5.html,-1
http://expressjs.com/ru/guide/routing.html,-1
http://expressjs.com/ru/guide/using-middleware.html,-1
http://expressjs.com/ru/guide/using-template-engines.html,-1
http://expressjs.com/ru/guide/writing-middleware.html,-1
http://expressjs.com/ru/resources/community.html,-1
http://expressjs.com/ru/resources/glossary.html,-1
http://expressjs.com/ru/resources/middleware.html,-1
http://expressjs.com/ru/starter/basic-routing.html,-1
http://expressjs.com/ru/starter/faq.html,-1
http://expressjs.com/ru/starter/generator.html,-1
http://expressjs.com/ru/starter/hello-world.html,-1
http://expressjs.com/ru/starter/installing.html,-1
http://expressjs.com/ru/starter/static-files.html,-1
http://expressjs.com/ru/support,-1
http://expressjs.com/ru/support/,-1
http://expressjs.com/sk/,-1
http://expressjs.com/sk/3x/api.html,-1
http://expressjs.com/sk/4x/api.html,-1
http://expressjs.com/sk/5x/api.html,-1
http://expressjs.com/sk/advanced/best-practice-performance.html,-1
http://expressjs.com/sk/advanced/best-practice-security.html,-1
http://expressjs.com/sk/advanced/developing-template-engines.html,-1
http://expressjs.com/sk/advanced/security-updates.html,-1
http://expressjs.com/sk/api.html,-1
http://expressjs.com/sk/guide/behind-proxies.html,-1
http://expressjs.com/sk/guide/database-integration.html,-1
http://expressjs.com/sk/guide/debugging.html,-1
http://expressjs.com/sk/guide/error-handling.html,-1
http://expressjs.com/sk/guide/migrating-4.html,-1
http://expressjs.com/sk/guide/migrating-5.html,-1
http://expressjs.com/sk/guide/routing.html,-1
http://expressjs.com/sk/guide/using-middleware.html,-1
http://expressjs.com/sk/guide/using-template-engines.html,-1
http://expressjs.com/sk/guide/writing-middleware.html,-1
http://expressjs.com/sk/resources/community.html,-1
http://expressjs.com/sk/resources/glossary.html,-1
http://expressjs.com/sk/resources/middleware.html,-1
http://expressjs.com/sk/starter/basic-routing.html,-1
http://expressjs.com/sk/starter/faq.html,-1
http://expressjs.com/sk/starter/generator.html,-1
http://expressjs.com/sk/starter/hello-world.html,-1
http://expressjs.com/sk/starter/installing.html,-1
http://expressjs.com/sk/starter/static-files.html,-1
http://expressjs.com/sk/support,-1
http://expressjs.com/sk/support/,-1
http://expressjs.com/starter/generator.html,-1
http://expressjs.com/starter/hello-world.html,-1
http://expressjs.com/starter/static-files.html,-1
http://expressjs.com/th/,-1
http://expressjs.com/th/3x/api.html,-1
http://expressjs.com/th/4x/api.html,-1
http://expressjs.com/th/5x/api.html,-1
http://expressjs.com/th/advanced/best-practice-performance.html,-1
http://expressjs.com/th/advanced/best-practice-security.html,-1
http://expressjs.com/th/advanced/developing-template-engines.html,-1
http://expressjs.com/th/advanced/security-updates.html,-1
http://expressjs.com/th/api.html,-1
http://expressjs.com/th/changelog/,-1
http://expressjs.com/th/changelog/4x.html,-1
http://expressjs.com/th/changelog/th/guide/migrating-5.html,-1
http://expressjs.com/th/guide/behind-proxies.html,-1
http://expressjs.com/th/guide/database-integration.html,-1
http://expressjs.com/th/guide/debugging.html,-1
http://expressjs.com/th/guide/error-handling.html,-1
http://expressjs.com/th/guide/migrating-4.html,-1
http://expressjs.com/th/guide/migrating-5.html,-1
http://expressjs.com/th/guide/routing.html,-1
http://expressjs.com/th/guide/using-middleware.html,-1
http://expressjs.com/th/guide/using-template-engines.html,-1
http://expressjs.com/th/guide/writing-middleware.html,-1
http://expressjs.com/th/resources/community.html,-1
http://expressjs.com/th/resources/contributing.html,-1
http://expressjs.com/th/resources/glossary.html,-1
http://expressjs.com/th/resources/middleware.html,-1
http://expressjs.com/th/resources/utils.html,-1
http://expressjs.com/th/starter/basic-routing.html,-1
http://expressjs.com/th/starter/faq.html,-1
http://expressjs.com/th/starter/generator.html,-1
http://expressjs.com/th/starter/hello-world.html,-1
http://expressjs.com/th/starter/installing.html,-1
http://expressjs.com/th/starter/static-files.html,-1
http://expressjs.com/th/support,-1
http://expressjs.com/th/support/,-1
http://expressjs.com/th/th/changelog/4x.html,-1
http://expressjs.com/tr/,-1
http://expressjs.com/tr/3x/api.html,-1
http://expressjs.com/tr/4x/api.html,-1
http://expressjs.com/tr/5x/api.html,-1
http://expressjs.com/tr/advanced/best-practice-performance.html,-1
http://expressjs.com/tr/advanced/best-practice-security.html,-1
http://expressjs.com/tr/advanced/developing-template-engines.html,-1
http://expressjs.com/tr/advanced/security-updates.html,-1
http://expressjs.com/tr/api.html,-1
http://expressjs.com/tr/changelog/4x.html,-1
http://expressjs.com/tr/guide/behind-proxies.html,-1
http://expressjs.com/tr/guide/database-integration.html,-1
http://expressjs.com/tr/guide/debugging.html,-1
http://expressjs.com/tr/guide/error-handling.html,-1
http://expressjs.com/tr/guide/migrating-4.html,-1
http://expressjs.com/tr/guide/migrating-5.html,-1
http://expressjs.com/tr/guide/routing.html,-1
http://expressjs.com/tr/guide/using-middleware.html,-1
http://expressjs.com/tr/guide/using-template-engines.html,-1
http://expressjs.com/tr/guide/writing-middleware.html,-1
http://expressjs.com/tr/resources/community.html,-1
http://expressjs.com/tr/resources/contributing.html,-1
http://expressjs.com/tr/resources/glossary.html,-1
http://expressjs.com/tr/resources/middleware.html,-1
http://expressjs.com/tr/resources/utils.html,-1
http://expressjs.com/tr/starter/basic-routing.html,-1
http://expressjs.com/tr/starter/faq.html,-1
http://expressjs.com/tr/starter/generator.html,-1
http://expressjs.com/tr/starter/hello-world.html,-1
http://expressjs.com/tr/starter/installing.html,-1
http://expressjs.com/tr/starter/static-files.html,-1
http://expressjs.com/tr/support,-1
http://expressjs.com/tr/support/,-1
http://expressjs.com/tr/tr/changelog/4x.html,-1
http://expressjs.com/uk/,-1
http://expressjs.com/uk/3x/api.html,-1
http://expressjs.com/uk/4x/api.html,-1
http://expressjs.com/uk/5x/api.html,-1
http://expressjs.com/uk/advanced/best-practice-performance.html,-1
http://expressjs.com/uk/advanced/best-practice-security.html,-1
http://expressjs.com/uk/advanced/developing-template-engines.html,-1
http://expressjs.com/uk/advanced/security-updates.html,-1
http://expressjs.com/uk/api.html,-1
http://expressjs.com/uk/guide/behind-proxies.html,-1
http://expressjs.com/uk/guide/database-integration.html,-1
http://expressjs.com/uk/guide/debugging.html,-1
http://expressjs.com/uk/guide/error-handling.html,-1
http://expressjs.com/uk/guide/migrating-4.html,-1
http://expressjs.com/uk/guide/migrating-5.html,-1
http://expressjs.com/uk/guide/routing.html,-1
http://expressjs.com/uk/guide/using-middleware.html,-1
http://expressjs.com/uk/guide/using-template-engines.html,-1
http://expressjs.com/uk/guide/writing-middleware.html,-1
http://expressjs.com/uk/resources/community.html,-1
http://expressjs.com/uk/resources/glossary.html,-1
http://expressjs.com/uk/resources/middleware.html,-1
http://expressjs.com/uk/resources/utils/accepts.html,-1
http://expressjs.com/uk/resources/utils/basic-auth.html,-1
http://expressjs.com/uk/resources/utils/compressible.html,-1
http://expressjs.com/uk/resources/utils/content-disposition.html,-1
http://expressjs.com/uk/resources/utils/content-type.html,-1
http://expressjs.com/uk/resources/utils/cookie.html,-1
http://expressjs.com/uk/resources/utils/cookies.html,-1
http://expressjs.com/uk/resources/utils/csrf.html,-1
http://expressjs.com/uk/resources/utils/etag.html,-1
http://expressjs.com/uk/resources/utils/finalhandler.html,-1
http://expressjs.com/uk/resources/utils/forwarded.html,-1
http://expressjs.com/uk/resources/utils/fresh.html,-1
http://expressjs.com/uk/resources/utils.html,-1
http://expressjs.com/uk/resources/utils/http-assert.html,-1
http://expressjs.com/uk/resources/utils/http-errors.html,-1
http://expressjs.com/uk/resources/utils/http-/uk/resources/utils.html,-1
http://expressjs.com/uk/resources/utils/media-typer.html,-1
http://expressjs.com/uk/resources/utils/methods.html,-1
http://expressjs.com/uk/resources/utils/mime-db.html,-1
http://expressjs.com/uk/resources/utils/mime-types.html,-1
http://expressjs.com/uk/resources/utils/negotiator.html,-1
http://expressjs.com/uk/resources/utils/on-finished.html,-1
http://expressjs.com/uk/resources/utils/on-headers.html,-1
http://expressjs.com/uk/resources/utils/parseurl.html,-1
http://expressjs.com/uk/resources/utils/path-match.html,-1
http://expressjs.com/uk/resources/utils/path-to-regexp.html,-1
http://expressjs.com/uk/resources/utils/proxy-addr.html,-1
http://expressjs.com/uk/resources/utils/range-parser.html,-1
http://expressjs.com/uk/resources/utils/resolve-path.html,-1
http://expressjs.com/uk/resources/utils/router.html,-1
http://expressjs.com/uk/resources/utils/routington.html,-1
http://expressjs.com/uk/resources/utils/send.html,-1
http://expressjs.com/uk/resources/utils/spdy-push.html,-1
http://expressjs.com/uk/resources/utils/ssl-redirect.html,-1
http://expressjs.com/uk/resources/utils/statuses.html,-1
http://expressjs.com/uk/resources/utils/templation.html,-1
http://expressjs.com/uk/resources/utils/type-is.html,-1
http://expressjs.com/uk/resources/utils/vary.html,-1
http://expressjs.com/uk/starter/basic-routing.html,-1
http://expressjs.com/uk/starter/faq.html,-1
http://expressjs.com/uk/starter/generator.html,-1
http://expressjs.com/uk/starter/hello-world.html,-1
http://expressjs.com/uk/starter/installing.html,-1
http://expressjs.com/uk/starter/static-files.html,-1
http://expressjs.com/uk/support,-1
http://expressjs.com/uk/support/,-1
http://expressjs.com/uk/uk/resources/middleware.html,-1
http://expressjs.com/uz/,-1
http://expressjs.com/uz/3x/api.html,-1
http://expressjs.com/uz/4x/api.html,-1
http://expressjs.com/uz/5x/api.html,-1
http://expressjs.com/uz/advanced/best-practice-performance.html,-1
http://expressjs.com/uz/advanced/best-practice-security.html,-1
http://expressjs.com/uz/advanced/developing-template-engines.html,-1
http://expressjs.com/uz/advanced/security-updates.html,-1
http://expressjs.com/uz/guide/behind-proxies.html,-1
http://expressjs.com/uz/guide/database-integration.html,-1
http://expressjs.com/uz/guide/debugging.html,-1
http://expressjs.com/uz/guide/error-handling.html,-1
http://expressjs.com/uz/guide/migrating-4.html,-1
http://expressjs.com/uz/guide/migrating-5.html,-1
http://expressjs.com/uz/guide/routing.html,-1
http://expressjs.com/uz/guide/using-middleware.html,-1
http://expressjs.com/uz/guide/using-template-engines.html,-1
http://expressjs.com/uz/guide/writing-middleware.html,-1
http://expressjs.com/uz/resources/community.html,-1
http://expressjs.com/uz/resources/glossary.html,-1
http://expressjs.com/uz/resources/middleware.html,-1
http://expressjs.com/uz/starter/basic-routing.html,-1
http://expressjs.com/uz/starter/faq.html,-1
http://expressjs.com/uz/starter/generator.html,-1
http://expressjs.com/uz/starter/hello-world.html,-1
http://expressjs.com/uz/starter/installing.html,-1
http://expressjs.com/uz/starter/static-files.html,-1
http://expressjs.com/uz/support,-1
http://expressjs.com/uz/support/,-1
http://expressjs.com/zh,-1
http://expressjs.com/zh-cn,-1
http://expressjs.com/zh-cn/,-1
http://expressjs.com/zh-cn/3x/api.html,-1
http://expressjs.com/zh-cn/4x/api.html,-1
http://expressjs.com/zh-cn/5x/api.html,-1
http://expressjs.com/zh-cn/advanced/best-practice-performance.html,-1
http://expressjs.com/zh-cn/advanced/best-practice-security.html,-1
http://expressjs.com/zh-cn/advanced/developing-template-engines.html,-1
http://expressjs.com/zh-cn/advanced/security-updates.html,-1
http://expressjs.com/zh-cn/api.html,-1
http://expressjs.com/zh-cn/guide/behind-proxies.html,-1
http://expressjs.com/zh-cn/guide/database-integration.html,-1
http://expressjs.com/zh-cn/guide/debugging.html,-1
http://expressjs.com/zh-cn/guide/error-handling.html,-1
http://expressjs.com/zh-cn/guide/migrating-4.html,-1
http://expressjs.com/zh-cn/guide/migrating-5.html,-1
http://expressjs.com/zh-cn/guide/routing.html,-1
http://expressjs.com/zh-cn/guide/using-middleware.html,-1
http://expressjs.com/zh-cn/guide/using-template-engines.html,-1
http://expressjs.com/zh-cn/guide/writing-middleware.html,-1
http://expressjs.com/zh-cn/resources/community.html,-1
http://expressjs.com/zh-cn/resources/glossary.html,-1
http://expressjs.com/zh-cn/resources/middleware.html,-1
http://expressjs.com/zh-cn/starter/basic-routing.html,-1
http://expressjs.com/zh-cn/starter/faq.html,-1
http://expressjs.com/zh-cn/starter/generator.html,-1
http://expressjs.com/zh-cn/starter/hello-world.html,-1
http://expressjs.com/zh-cn/starter/installing.html,-1
http://expressjs.com/zh-cn/starter/static-files.html,-1
http://expressjs.com/zh-cn/support,-1
http://expressjs.com/zh-cn/support/,-1
http://expressjs.com/zh-tw/,-1
http://expressjs.com/zh-tw/3x/api.html,-1
http://expressjs.com/zh-tw/4x/api.html,-1
http://expressjs.com/zh-tw/5x/api.html,-1
http://expressjs.com/zh-tw/advanced/best-practice-performance.html,-1
http://expressjs.com/zh-tw/advanced/best-practice-security.html,-1
http://expressjs.com/zh-tw/advanced/developing-template-engines.html,-1
http://expressjs.com/zh-tw/advanced/security-updates.html,-1
http://expressjs.com/zh-tw/api.html,-1
http://expressjs.com/zh-tw/guide/behind-proxies.html,-1
http://expressjs.com/zh-tw/guide/database-integration.html,-1
http://expressjs.com/zh-tw/guide/debugging.html,-1
http://expressjs.com/zh-tw/guide/error-handling.html,-1
http://expressjs.com/zh-tw/guide/migrating-4.html,-1
http://expressjs.com/zh-tw/guide/migrating-5.html,-1
http://expressjs.com/zh-tw/guide/routing.html,-1
http://expressjs.com/zh-tw/guide/using-middleware.html,-1
http://expressjs.com/zh-tw/guide/using-template-engines.html,-1
http://expressjs.com/zh-tw/guide/writing-middleware.html,-1
http://expressjs.com/zh-tw/resources/community.html,-1
http://expressjs.com/zh-tw/resources/glossary.html,-1
http://expressjs.com/zh-tw/resources/middleware.html,-1
http://expressjs.com/zh-tw/starter/basic-routing.html,-1
http://expressjs.com/zh-tw/starter/faq.html,-1
http://expressjs.com/zh-tw/starter/generator.html,-1
http://expressjs.com/zh-tw/starter/hello-world.html,-1
http://expressjs.com/zh-tw/starter/installing.html,-1
http://expressjs.com/zh-tw/starter/static-files.html,-1
http://expressjs.com/zh-tw/support,-1
http://expressjs.com/zh-tw/support/,-1
https://expressjs.com/,-1
https://expressjs.com/2024/07/16/welcome-post.html,-1
https://expressjs.com/2024/09/29/security-releases.html,-1
https://expressjs.com/2024/10/01/HeroDevs-partnership-announcement.html,-1
https://expressjs.com/2024/10/15/v5-release.html,-1
https://expressjs.com/2024/10/22/security-audit-milestone-achievement.html,-1
https://expressjs.com/2025/01/09/rewind-2024-triumphs-and-2025-vision.html,-1
https://expressjs.com/2x/,-1
https://expressjs.com/4x/api.html,-1
https://expressjs.com/5x/api.html,-1
https://expressjs.com/advanced/best-practice-performance.html,-1
https://expressjs.com/api.html,-1
https://expressjs.com/de/,-1
https://expressjs.com/de/3x/api.html,-1
https://expressjs.com/de/4x/api.html,-1
https://expressjs.com/de/5x/api.html,-1
https://expressjs.com/de/advanced/best-practice-performance.html,-1
https://expressjs.com/de/advanced/best-practice-security.html,-1
https://expressjs.com/de/advanced/developing-template-engines.html,-1
https://expressjs.com/de/advanced/security-updates.html,-1
https://expressjs.com/de/api.html,-1
https://expressjs.com/de/guide/behind-proxies.html,-1
https://expressjs.com/de/guide/database-integration.html,-1
https://expressjs.com/de/guide/debugging.html,-1
https://expressjs.com/de/guide/error-handling.html,-1
https://expressjs.com/de/guide/migrating-4.html,-1
https://expressjs.com/de/guide/migrating-5.html,-1
https://expressjs.com/de/guide/routing.html,-1
https://expressjs.com/de/guide/using-middleware.html,-1
https://expressjs.com/de/guide/using-template-engines.html,-1
https://expressjs.com/de/guide/writing-middleware.html,-1
https://expressjs.com/de/resources/community.html,-1
https://expressjs.com/de/resources/glossary.html,-1
https://expressjs.com/de/resources/middleware.html,-1
https://expressjs.com/de/starter/basic-routing.html,-1
https://expressjs.com/de/starter/faq.html,-1
https://expressjs.com/de/starter/generator.html,-1
https://expressjs.com/de/starter/hello-world.html,-1
https://expressjs.com/de/starter/installing.html,-1
https://expressjs.com/de/starter/static-files.html,-1
https://expressjs.com/de/support,-1
https://expressjs.com/en/,-1
https://expressjs.com/en/3x/api.html,-1
https://expressjs.com/en/4x/api.html,-1
https://expressjs.com/en/5x/api.html,-1
https://expressjs.com/en/advanced/best-practice-performance.html,-1
https://expressjs.com/en/advanced/best-practice-security.html,-1
https://expressjs.com/en/advanced/developing-template-engines.html,-1
https://expressjs.com/en/advanced/healthcheck-graceful-shutdown.html,-1
https://expressjs.com/en/advanced/security-updates.html,-1
https://expressjs.com/en/api.html,-1
https://expressjs.com/en/blog/posts,-1
https://expressjs.com/en/blog/posts.html,-1
https://expressjs.com/en/blog/write-post.html,-1
https://expressjs.com/en/changelog/4x.html,-1
https://expressjs.com/en/guide/behind-proxies.html,-1
https://expressjs.com/en/guide/database-integration.html,-1
https://expressjs.com/en/guide/debugging.html,-1
https://expressjs.com/en/guide/error-handling.html,-1
https://expressjs.com/en/guide/migrating-4.html,-1
https://expressjs.com/en/guide/migrating-5.html,-1
https://expressjs.com/en/guide/overriding-express-api.html,-1
https://expressjs.com/en/guide/routing.html,-1
https://expressjs.com/en/guide/using-middleware.html,-1
https://expressjs.com/en/guide/using-template-engines.html,-1
https://expressjs.com/en/guide/writing-middleware.html,-1
https://expressjs.com/en/resources/community.html,-1
https://expressjs.com/en/resources/contributing.html,-1
https://expressjs.com/en/resources/glossary.html,-1
https://expressjs.com/en/resources/middleware.html,-1
https://expressjs.com/en/resources/utils.html,-1
https://expressjs.com/en/starter/basic-routing.html,-1
https://expressjs.com/en/starter/examples.html,-1
https://expressjs.com/en/starter/faq.html,-1
https://expressjs.com/en/starter/generator.html,-1
https://expressjs.com/en/starter/hello-world.html,-1
https://expressjs.com/en/starter/installing.html,-1
https://expressjs.com/en/starter/static-files.html,-1
https://expressjs.com/en/support,-1
https://expressjs.com/es,-1
https://expressjs.com/es/,-1
https://expressjs.com/es/3x/api.html,-1
https://expressjs.com/es/4x/api.html,-1
https://expressjs.com/es/5x/api.html,-1
https://expressjs.com/es/advanced/best-practice-performance.html,-1
https://expressjs.com/es/advanced/best-practice-security.html,-1
https://expressjs.com/es/advanced/developing-template-engines.html,-1
https://expressjs.com/es/advanced/security-updates.html,-1
https://expressjs.com/es/api.html,-1
https://expressjs.com/es/guide/behind-proxies.html,-1
https://expressjs.com/es/guide/database-integration.html,-1
https://expressjs.com/es/guide/debugging.html,-1
https://expressjs.com/es/guide/error-handling.html,-1
https://expressjs.com/es/guide/migrating-4.html,-1
https://expressjs.com/es/guide/migrating-5.html,-1
https://expressjs.com/es/guide/routing.html,-1
https://expressjs.com/es/guide/using-middleware.html,-1
https://expressjs.com/es/guide/using-template-engines.html,-1
https://expressjs.com/es/guide/writing-middleware.html,-1
https://expressjs.com/es/resources/community.html,-1
https://expressjs.com/es/resources/glossary.html,-1
https://expressjs.com/es/resources/middleware.html,-1
https://expressjs.com/es/resources/utils.html,-1
https://expressjs.com/es/starter/basic-routing.html,-1
https://expressjs.com/es/starter/faq.html,-1
https://expressjs.com/es/starter/generator.html,-1
https://expressjs.com/es/starter/hello-world.html,-1
https://expressjs.com/es/starter/installing.html,-1
https://expressjs.com/es/starter/static-files.html,-1
https://expressjs.com/es/support,-1
https://expressjs.com/fr/,-1
https://expressjs.com/fr/3x/api.html,-1
https://expressjs.com/fr/4x/api.html,-1
https://expressjs.com/fr/5x/api.html,-1
https://expressjs.com/fr/advanced/best-practice-performance.html,-1
https://expressjs.com/fr/advanced/best-practice-security.html,-1
https://expressjs.com/fr/advanced/developing-template-engines.html,-1
https://expressjs.com/fr/advanced/security-updates.html,-1
https://expressjs.com/fr/api.html,-1
https://expressjs.com/fr/guide/behind-proxies.html,-1
https://expressjs.com/fr/guide/database-integration.html,-1
https://expressjs.com/fr/guide/debugging.html,-1
https://expressjs.com/fr/guide/error-handling.html,-1
https://expressjs.com/fr/guide/migrating-4.html,-1
https://expressjs.com/fr/guide/migrating-5.html,-1
https://expressjs.com/fr/guide/routing.html,-1
https://expressjs.com/fr/guide/using-middleware.html,-1
https://expressjs.com/fr/guide/using-template-engines.html,-1
https://expressjs.com/fr/guide/writing-middleware.html,-1
https://expressjs.com/fr/resources/community.html,-1
https://expressjs.com/fr/resources/glossary.html,-1
https://expressjs.com/fr/resources/middleware.html,-1
https://expressjs.com/fr/starter/basic-routing.html,-1
https://expressjs.com/fr/starter/faq.html,-1
https://expressjs.com/fr/starter/generator.html,-1
https://expressjs.com/fr/starter/hello-world.html,-1
https://expressjs.com/fr/starter/installing.html,-1
https://expressjs.com/fr/starter/pugjs.org,-1
https://expressjs.com/fr/starter/static-files.html,-1
https://expressjs.com/fr/support,-1
https://expressjs.com/id/,-1
https://expressjs.com/id/3x/api.html,-1
https://expressjs.com/id/4x%20/api.html,-1
https://expressjs.com/id/4x/api.html,-1
https://expressjs.com/id/5x/api.html,-1
https://expressjs.com/id/advanced/best-practice-performance.html,-1
https://expressjs.com/id/advanced/best-practice-security.html,-1
https://expressjs.com/id/advanced/developing-template-engines.html,-1
https://expressjs.com/id/advanced/healthcheck-graceful-shutdown.html,-1
https://expressjs.com/id/advanced/security-updates.html,-1
https://expressjs.com/id/api.html,-1
https://expressjs.com/id/changelog/4x.html,-1
https://expressjs.com/id/guide/behind-proxies.html,-1
https://expressjs.com/id/guide/database-integration.html,-1
https://expressjs.com/id/guide/debugging.html,-1
https://expressjs.com/id/guide/error-handling.html,-1
https://expressjs.com/id/guide/migrating-4.html,-1
https://expressjs.com/id/guide/migrating-5.html,-1
https://expressjs.com/id/guide/overriding-express-api.html,-1
https://expressjs.com/id/guide/routing.html,-1
https://expressjs.com/id/guide/using-middleware.html,-1
https://expressjs.com/id/guide/using-template-engines.html,-1
https://expressjs.com/id/guide/writing-middleware.html,-1
https://expressjs.com/id/id/5x/api.html,-1
https://expressjs.com/id/id/changelog/4x.html,-1
https://expressjs.com/id/id/resources/middleware.html,-1
https://expressjs.com/id/resources/community.html,-1
https://expressjs.com/id/resources/contributing.html,-1
https://expressjs.com/id/resources/glossary.html,-1
https://expressjs.com/id/resources/middleware.html,-1
https://expressjs.com/id/resources/utils.html,-1
https://expressjs.com/id/starter/basic-routing.html,-1
https://expressjs.com/id/starter/examples.html,-1
https://expressjs.com/id/starter/faq.html,-1
https://expressjs.com/id/starter/generator.html,-1
https://expressjs.com/id/starter/hello-world.html,-1
https://expressjs.com/id/starter/installing.html,-1
https://expressjs.com/id/starter/static-files.html,-1
https://expressjs.com/id/support,-1
https://expressjs.com/it/,-1
https://expressjs.com/it/3x/api.html,-1
https://expressjs.com/it/4x/api.html,-1
https://expressjs.com/it/5x/api.html,-1
https://expressjs.com/it/advanced/best-practice-performance.html,-1
https://expressjs.com/it/advanced/best-practice-security.html,-1
https://expressjs.com/it/advanced/developing-template-engines.html,-1
https://expressjs.com/it/advanced/security-updates.html,-1
https://expressjs.com/it/api.html,-1
https://expressjs.com/it/guide/behind-proxies.html,-1
https://expressjs.com/it/guide/database-integration.html,-1
https://expressjs.com/it/guide/debugging.html,-1
https://expressjs.com/it/guide/error-handling.html,-1
https://expressjs.com/it/guide/migrating-4.html,-1
https://expressjs.com/it/guide/migrating-5.html,-1
https://expressjs.com/it/guide/routing.html,-1
https://expressjs.com/it/guide/using-middleware.html,-1
https://expressjs.com/it/guide/using-template-engines.html,-1
https://expressjs.com/it/guide/writing-middleware.html,-1
https://expressjs.com/it/resources/community.html,-1
https://expressjs.com/it/resources/glossary.html,-1
https://expressjs.com/it/resources/middleware.html,-1
https://expressjs.com/it/starter/basic-routing.html,-1
https://expressjs.com/it/starter/faq.html,-1
https://expressjs.com/it/starter/generator.html,-1
https://expressjs.com/it/starter/hello-world.html,-1
https://expressjs.com/it/starter/installing.html,-1
https://expressjs.com/it/starter/static-files.html,-1
https://expressjs.com/it/support,-1
https://expressjs.com/ja,-1
https://expressjs.com/ja/,-1
https://expressjs.com/ja/3x/api.html,-1
https://expressjs.com/ja/4x/api.html,-1
https://expressjs.com/ja/5x/api.html,-1
https://expressjs.com/ja/advanced/best-practice-performance.html,-1
https://expressjs.com/ja/advanced/best-practice-security.html,-1
https://expressjs.com/ja/advanced/developing-template-engines.html,-1
https://expressjs.com/ja/advanced/security-updates.html,-1
https://expressjs.com/ja/api.html,-1
https://expressjs.com/ja/guide/behind-proxies.html,-1
https://expressjs.com/ja/guide/database-integration.html,-1
https://expressjs.com/ja/guide/debugging.html,-1
https://expressjs.com/ja/guide/error-handling.html,-1
https://expressjs.com/ja/guide/migrating-4.html,-1
https://expressjs.com/ja/guide/migrating-5.html,-1
https://expressjs.com/ja/guide/routing.html,-1
https://expressjs.com/ja/guide/using-middleware.html,-1
https://expressjs.com/ja/guide/using-template-engines.html,-1
https://expressjs.com/ja/guide/writing-middleware.html,-1
https://expressjs.com/ja/resources/community.html,-1
https://expressjs.com/ja/resources/contributing.html,-1
https://expressjs.com/ja/resources/glossary.html,-1
https://expressjs.com/ja/resources/middleware.html,-1
https://expressjs.com/ja/starter/basic-routing.html,-1
https://expressjs.com/ja/starter/faq.html,-1
https://expressjs.com/ja/starter/generator.html,-1
https://expressjs.com/ja/starter/hello-world.html,-1
https://expressjs.com/ja/starter/installing.html,-1
https://expressjs.com/ja/starter/static-files.html,-1
https://expressjs.com/ja/support,-1
https://expressjs.com/ko,-1
https://expressjs.com/ko/,-1
https://expressjs.com/ko/3x/api.html,-1
https://expressjs.com/ko/4x/api.html,-1
https://expressjs.com/ko/5x/api.html,-1
https://expressjs.com/ko/advanced/best-practice-performance.html,-1
https://expressjs.com/ko/advanced/best-practice-security.html,-1
https://expressjs.com/ko/advanced/developing-template-engines.html,-1
https://expressjs.com/ko/advanced/security-updates.html,-1
https://expressjs.com/ko/api.html,-1
https://expressjs.com/ko/changelog/4x.html,-1
https://expressjs.com/ko/guide/behind-proxies.html,-1
https://expressjs.com/ko/guide/database-integration.html,-1
https://expressjs.com/ko/guide/debugging.html,-1
https://expressjs.com/ko/guide/error-handling.html,-1
https://expressjs.com/ko/guide/migrating-4.html,-1
https://expressjs.com/ko/guide/migrating-5.html,-1
https://expressjs.com/ko/guide/routing.html,-1
https://expressjs.com/ko/guide/using-middleware.html,-1
https://expressjs.com/ko/guide/using-template-engines.html,-1
https://expressjs.com/ko/guide/writing-middleware.html,-1
https://expressjs.com/ko/resources/community.html,-1
https://expressjs.com/ko/resources/glossary.html,-1
https://expressjs.com/ko/resources/middleware.html,-1
https://expressjs.com/ko/starter/basic-routing.html,-1
https://expressjs.com/ko/starter/faq.html,-1
https://expressjs.com/ko/starter/generator.html,-1
https://expressjs.com/ko/starter/hello-world.html,-1
https://expressjs.com/ko/starter/installing.html,-1
https://expressjs.com/ko/starter/static-files.html,-1
https://expressjs.com/ko/support,-1
https://expressjs.com/pt-br,-1
https://expressjs.com/pt-br/,-1
https://expressjs.com/pt-br/3x/api.html,-1
https://expressjs.com/pt-br/4x/api.html,-1
https://expressjs.com/pt-br/5x/api.html,-1
https://expressjs.com/pt-br/advanced/best-practice-performance.html,-1
https://expressjs.com/pt-br/advanced/best-practice-security.html,-1
https://expressjs.com/pt-br/advanced/developing-template-engines.html,-1
https://expressjs.com/pt-br/advanced/security-updates.html,-1
https://expressjs.com/pt-br/api.html,-1
https://expressjs.com/pt-br/guide/behind-proxies.html,-1
https://expressjs.com/pt-br/guide/database-integration.html,-1
https://expressjs.com/pt-br/guide/debugging.html,-1
https://expressjs.com/pt-br/guide/error-handling.html,-1
https://expressjs.com/pt-br/guide/migrating-4.html,-1
https://expressjs.com/pt-br/guide/migrating-5.html,-1
https://expressjs.com/pt-br/guide/routing.html,-1
https://expressjs.com/pt-br/guide/using-middleware.html,-1
https://expressjs.com/pt-br/guide/using-template-engines.html,-1
https://expressjs.com/pt-br/guide/writing-middleware.html,-1
https://expressjs.com/pt-br/pt-br/changelog/4x.html,-1
https://expressjs.com/pt-br/pt-br/resources/middleware.html,-1
https://expressjs.com/pt-br/resources/community.html,-1
https://expressjs.com/pt-br/resources/glossary.html,-1
https://expressjs.com/pt-br/resources/middleware.html,-1
https://expressjs.com/pt-br/resources/utils.html,-1
https://expressjs.com/pt-br/starter/basic-routing.html,-1
https://expressjs.com/pt-br/starter/faq.html,-1
https://expressjs.com/pt-br/starter/generator.html,-1
https://expressjs.com/pt-br/starter/hello-world.html,-1
https://expressjs.com/pt-br/starter/installing.html,-1
https://expressjs.com/pt-br/starter/static-files.html,-1
https://expressjs.com/pt-br/support,-1
https://expressjs.com/resources/middleware/body-parser.html,-1
https://expressjs.com/resources/middleware/compression.html,-1
https://expressjs.com/resources/middleware/connect-rid.html,-1
https://expressjs.com/resources/middleware/cookie-parser.html,-1
https://expressjs.com/resources/middleware/cookie-session.html,-1
https://expressjs.com/resources/middleware/cors.html,-1
https://expressjs.com/resources/middleware/errorhandler.html,-1
https://expressjs.com/resources/middleware.html,-1
https://expressjs.com/resources/middleware/method-override.html,-1
https://expressjs.com/resources/middleware/morgan.html,-1
https://expressjs.com/resources/middleware/multer.html,-1
https://expressjs.com/resources/middleware/response-time.html,-1
https://expressjs.com/resources/middleware/serve-favicon.html,-1
https://expressjs.com/resources/middleware/serve-index.html,-1
https://expressjs.com/resources/middleware/serve-static.html,-1
https://expressjs.com/resources/middleware/session.html,-1
https://expressjs.com/resources/middleware/timeout.html,-1
https://expressjs.com/resources/middleware/vhost.html,-1
https://expressjs.com/ru,-1
https://expressjs.com/ru/,-1
https://expressjs.com/ru/3x/api.html,-1
https://expressjs.com/ru/4x/api.html,-1
https://expressjs.com/ru/5x/api.html,-1
https://expressjs.com/ru/advanced/best-practice-performance.html,-1
https://expressjs.com/ru/advanced/best-practice-security.html,-1
https://expressjs.com/ru/advanced/developing-template-engines.html,-1
https://expressjs.com/ru/advanced/security-updates.html,-1
https://expressjs.com/ru/api.html,-1
https://expressjs.com/ru/guide/behind-proxies.html,-1
https://expressjs.com/ru/guide/database-integration.html,-1
https://expressjs.com/ru/guide/debugging.html,-1
https://expressjs.com/ru/guide/error-handling.html,-1
https://expressjs.com/ru/guide/migrating-4.html,-1
https://expressjs.com/ru/guide/migrating-5.html,-1
https://expressjs.com/ru/guide/routing.html,-1
https://expressjs.com/ru/guide/using-middleware.html,-1
https://expressjs.com/ru/guide/using-template-engines.html,-1
https://expressjs.com/ru/guide/writing-middleware.html,-1
https://expressjs.com/ru/resources/community.html,-1
https://expressjs.com/ru/resources/glossary.html,-1
https://expressjs.com/ru/resources/middleware.html,-1
https://expressjs.com/ru/starter/basic-routing.html,-1
https://expressjs.com/ru/starter/faq.html,-1
https://expressjs.com/ru/starter/generator.html,-1
https://expressjs.com/ru/starter/hello-world.html,-1
https://expressjs.com/ru/starter/installing.html,-1
https://expressjs.com/ru/starter/static-files.html,-1
https://expressjs.com/ru/support,-1
https://expressjs.com/sk/,-1
https://expressjs.com/sk/3x/api.html,-1
https://expressjs.com/sk/4x/api.html,-1
https://expressjs.com/sk/5x/api.html,-1
https://expressjs.com/sk/advanced/best-practice-performance.html,-1
https://expressjs.com/sk/advanced/best-practice-security.html,-1
https://expressjs.com/sk/advanced/developing-template-engines.html,-1
https://expressjs.com/sk/advanced/security-updates.html,-1
https://expressjs.com/sk/api.html,-1
https://expressjs.com/sk/guide/behind-proxies.html,-1
https://expressjs.com/sk/guide/database-integration.html,-1
https://expressjs.com/sk/guide/debugging.html,-1
https://expressjs.com/sk/guide/error-handling.html,-1
https://expressjs.com/sk/guide/migrating-4.html,-1
https://expressjs.com/sk/guide/migrating-5.html,-1
https://expressjs.com/sk/guide/routing.html,-1
https://expressjs.com/sk/guide/using-middleware.html,-1
https://expressjs.com/sk/guide/using-template-engines.html,-1
https://expressjs.com/sk/guide/writing-middleware.html,-1
https://expressjs.com/sk/resources/community.html,-1
https://expressjs.com/sk/resources/glossary.html,-1
https://expressjs.com/sk/resources/middleware.html,-1
https://expressjs.com/sk/starter/basic-routing.html,-1
https://expressjs.com/sk/starter/faq.html,-1
https://expressjs.com/sk/starter/generator.html,-1
https://expressjs.com/sk/starter/hello-world.html,-1
https://expressjs.com/sk/starter/installing.html,-1
https://expressjs.com/sk/starter/static-files.html,-1
https://expressjs.com/sk/support,-1
https://expressjs.com/starter/generator.html,-1
https://expressjs.com/starter/hello-world.html,-1
https://expressjs.com/starter/static-files.html,-1
https://expressjs.com/th/,-1
https://expressjs.com/th/3x/api.html,-1
https://expressjs.com/th/4x/api.html,-1
https://expressjs.com/th/5x/api.html,-1
https://expressjs.com/th/advanced/best-practice-performance.html,-1
https://expressjs.com/th/advanced/best-practice-security.html,-1
https://expressjs.com/th/advanced/developing-template-engines.html,-1
https://expressjs.com/th/advanced/security-updates.html,-1
https://expressjs.com/th/api.html,-1
https://expressjs.com/th/changelog/4x.html,-1
https://expressjs.com/th/guide/behind-proxies.html,-1
https://expressjs.com/th/guide/database-integration.html,-1
https://expressjs.com/th/guide/debugging.html,-1
https://expressjs.com/th/guide/error-handling.html,-1
https://expressjs.com/th/guide/migrating-4.html,-1
https://expressjs.com/th/guide/migrating-5.html,-1
https://expressjs.com/th/guide/routing.html,-1
https://expressjs.com/th/guide/using-middleware.html,-1
https://expressjs.com/th/guide/using-template-engines.html,-1
https://expressjs.com/th/guide/writing-middleware.html,-1
https://expressjs.com/th/resources/community.html,-1
https://expressjs.com/th/resources/contributing.html,-1
https://expressjs.com/th/resources/glossary.html,-1
https://expressjs.com/th/resources/middleware.html,-1
https://expressjs.com/th/resources/utils.html,-1
https://expressjs.com/th/starter/basic-routing.html,-1
https://expressjs.com/th/starter/faq.html,-1
https://expressjs.com/th/starter/generator.html,-1
https://expressjs.com/th/starter/hello-world.html,-1
https://expressjs.com/th/starter/installing.html,-1
https://expressjs.com/th/starter/static-files.html,-1
https://expressjs.com/th/support,-1
https://expressjs.com/th/th/changelog/4x.html,-1
https://expressjs.com/tr/,-1
https://expressjs.com/tr/3x/api.html,-1
https://expressjs.com/tr/4x/api.html,-1
https://expressjs.com/tr/5x/api.html,-1
https://expressjs.com/tr/advanced/best-practice-performance.html,-1
https://expressjs.com/tr/advanced/best-practice-security.html,-1
https://expressjs.com/tr/advanced/developing-template-engines.html,-1
https://expressjs.com/tr/advanced/security-updates.html,-1
https://expressjs.com/tr/api.html,-1
https://expressjs.com/tr/changelog/4x.html,-1
https://expressjs.com/tr/guide/behind-proxies.html,-1
https://expressjs.com/tr/guide/database-integration.html,-1
https://expressjs.com/tr/guide/debugging.html,-1
https://expressjs.com/tr/guide/error-handling.html,-1
https://expressjs.com/tr/guide/migrating-4.html,-1
https://expressjs.com/tr/guide/migrating-5.html,-1
https://expressjs.com/tr/guide/routing.html,-1
https://expressjs.com/tr/guide/using-middleware.html,-1
https://expressjs.com/tr/guide/using-template-engines.html,-1
https://expressjs.com/tr/guide/writing-middleware.html,-1
https://expressjs.com/tr/resources/community.html,-1
https://expressjs.com/tr/resources/contributing.html,-1
https://expressjs.com/tr/resources/glossary.html,-1
https://expressjs.com/tr/resources/middleware.html,-1
https://expressjs.com/tr/resources/utils.html,-1
https://expressjs.com/tr/starter/basic-routing.html,-1
https://expressjs.com/tr/starter/faq.html,-1
https://expressjs.com/tr/starter/generator.html,-1
https://expressjs.com/tr/starter/hello-world.html,-1
https://expressjs.com/tr/starter/installing.html,-1
https://expressjs.com/tr/starter/static-files.html,-1
https://expressjs.com/tr/support,-1
https://expressjs.com/tr/tr/changelog/4x.html,-1
https://expressjs.com/uk/,-1
https://expressjs.com/uk/3x/api.html,-1
https://expressjs.com/uk/4x/api.html,-1
https://expressjs.com/uk/5x/api.html,-1
https://expressjs.com/uk/advanced/best-practice-performance.html,-1
https://expressjs.com/uk/advanced/best-practice-security.html,-1
https://expressjs.com/uk/advanced/developing-template-engines.html,-1
https://expressjs.com/uk/advanced/security-updates.html,-1
https://expressjs.com/uk/api.html,-1
https://expressjs.com/uk/guide/behind-proxies.html,-1
https://expressjs.com/uk/guide/database-integration.html,-1
https://expressjs.com/uk/guide/debugging.html,-1
https://expressjs.com/uk/guide/error-handling.html,-1
https://expressjs.com/uk/guide/migrating-4.html,-1
https://expressjs.com/uk/guide/migrating-5.html,-1
https://expressjs.com/uk/guide/routing.html,-1
https://expressjs.com/uk/guide/using-middleware.html,-1
https://expressjs.com/uk/guide/using-template-engines.html,-1
https://expressjs.com/uk/guide/writing-middleware.html,-1
https://expressjs.com/uk/resources/community.html,-1
https://expressjs.com/uk/resources/glossary.html,-1
https://expressjs.com/uk/resources/middleware.html,-1
https://expressjs.com/uk/resources/utils/accepts.html,-1
https://expressjs.com/uk/resources/utils/basic-auth.html,-1
https://expressjs.com/uk/resources/utils/compressible.html,-1
https://expressjs.com/uk/resources/utils/content-disposition.html,-1
https://expressjs.com/uk/resources/utils/content-type.html,-1
https://expressjs.com/uk/resources/utils/cookie.html,-1
https://expressjs.com/uk/resources/utils/cookies.html,-1
https://expressjs.com/uk/resources/utils/csrf.html,-1
https://expressjs.com/uk/resources/utils/etag.html,-1
https://expressjs.com/uk/resources/utils/finalhandler.html,-1
https://expressjs.com/uk/resources/utils/forwarded.html,-1
https://expressjs.com/uk/resources/utils/fresh.html,-1
https://expressjs.com/uk/resources/utils.html,-1
https://expressjs.com/uk/resources/utils/http-assert.html,-1
https://expressjs.com/uk/resources/utils/http-errors.html,-1
https://expressjs.com/uk/resources/utils/http-/uk/resources/utils.html,-1
https://expressjs.com/uk/resources/utils/media-typer.html,-1
https://expressjs.com/uk/resources/utils/methods.html,-1
https://expressjs.com/uk/resources/utils/mime-db.html,-1
https://expressjs.com/uk/resources/utils/mime-types.html,-1
https://expressjs.com/uk/resources/utils/negotiator.html,-1
https://expressjs.com/uk/resources/utils/on-finished.html,-1
https://expressjs.com/uk/resources/utils/on-headers.html,-1
https://expressjs.com/uk/resources/utils/parseurl.html,-1
https://expressjs.com/uk/resources/utils/path-match.html,-1
https://expressjs.com/uk/resources/utils/path-to-regexp.html,-1
https://expressjs.com/uk/resources/utils/proxy-addr.html,-1
https://expressjs.com/uk/resources/utils/range-parser.html,-1
https://expressjs.com/uk/resources/utils/resolve-path.html,-1
https://expressjs.com/uk/resources/utils/router.html,-1
https://expressjs.com/uk/resources/utils/routington.html,-1
https://expressjs.com/uk/resources/utils/send.html,-1
https://expressjs.com/uk/resources/utils/spdy-push.html,-1
https://expressjs.com/uk/resources/utils/ssl-redirect.html,-1
https://expressjs.com/uk/resources/utils/statuses.html,-1
https://expressjs.com/uk/resources/utils/templation.html,-1
https://expressjs.com/uk/resources/utils/type-is.html,-1
https://expressjs.com/uk/resources/utils/vary.html,-1
https://expressjs.com/uk/starter/basic-routing.html,-1
https://expressjs.com/uk/starter/faq.html,-1
https://expressjs.com/uk/starter/generator.html,-1
https://expressjs.com/uk/starter/hello-world.html,-1
https://expressjs.com/uk/starter/installing.html,-1
https://expressjs.com/uk/starter/static-files.html,-1
https://expressjs.com/uk/support,-1
https://expressjs.com/uk/uk/resources/middleware.html,-1
https://expressjs.com/uz/,-1
https://expressjs.com/uz/3x/api.html,-1
https://expressjs.com/uz/4x/api.html,-1
https://expressjs.com/uz/5x/api.html,-1
https://expressjs.com/uz/advanced/best-practice-performance.html,-1
https://expressjs.com/uz/advanced/best-practice-security.html,-1
https://expressjs.com/uz/advanced/developing-template-engines.html,-1
https://expressjs.com/uz/advanced/security-updates.html,-1
https://expressjs.com/uz/guide/behind-proxies.html,-1
https://expressjs.com/uz/guide/database-integration.html,-1
https://expressjs.com/uz/guide/debugging.html,-1
https://expressjs.com/uz/guide/error-handling.html,-1
https://expressjs.com/uz/guide/migrating-4.html,-1
https://expressjs.com/uz/guide/migrating-5.html,-1
https://expressjs.com/uz/guide/routing.html,-1
https://expressjs.com/uz/guide/using-middleware.html,-1
https://expressjs.com/uz/guide/using-template-engines.html,-1
https://expressjs.com/uz/guide/writing-middleware.html,-1
https://expressjs.com/uz/resources/community.html,-1
https://expressjs.com/uz/resources/glossary.html,-1
https://expressjs.com/uz/resources/middleware.html,-1
https://expressjs.com/uz/starter/basic-routing.html,-1
https://expressjs.com/uz/starter/faq.html,-1
https://expressjs.com/uz/starter/generator.html,-1
https://expressjs.com/uz/starter/hello-world.html,-1
https://expressjs.com/uz/starter/installing.html,-1
https://expressjs.com/uz/starter/static-files.html,-1
https://expressjs.com/uz/support,-1
https://expressjs.com/zh,-1
https://expressjs.com/zh-cn,-1
https://expressjs.com/zh-cn/,-1
https://expressjs.com/zh-cn/3x/api.html,-1
https://expressjs.com/zh-cn/4x/api.html,-1
https://expressjs.com/zh-cn/5x/api.html,-1
https://expressjs.com/zh-cn/advanced/best-practice-performance.html,-1
https://expressjs.com/zh-cn/advanced/best-practice-security.html,-1
https://expressjs.com/zh-cn/advanced/developing-template-engines.html,-1
https://expressjs.com/zh-cn/advanced/security-updates.html,-1
https://expressjs.com/zh-cn/api.html,-1
https://expressjs.com/zh-cn/guide/behind-proxies.html,-1
https://expressjs.com/zh-cn/guide/database-integration.html,-1
https://expressjs.com/zh-cn/guide/debugging.html,-1
https://expressjs.com/zh-cn/guide/error-handling.html,-1
https://expressjs.com/zh-cn/guide/migrating-4.html,-1
https://expressjs.com/zh-cn/guide/migrating-5.html,-1
https://expressjs.com/zh-cn/guide/routing.html,-1
https://expressjs.com/zh-cn/guide/using-middleware.html,-1
https://expressjs.com/zh-cn/guide/using-template-engines.html,-1
https://expressjs.com/zh-cn/guide/writing-middleware.html,-1
https://expressjs.com/zh-cn/resources/community.html,-1
https://expressjs.com/zh-cn/resources/glossary.html,-1
https://expressjs.com/zh-cn/resources/middleware.html,-1
https://expressjs.com/zh-cn/starter/basic-routing.html,-1
https://expressjs.com/zh-cn/starter/faq.html,-1
https://expressjs.com/zh-cn/starter/generator.html,-1
https://expressjs.com/zh-cn/starter/hello-world.html,-1
https://expressjs.com/zh-cn/starter/installing.html,-1
https://expressjs.com/zh-cn/starter/static-files.html,-1
https://expressjs.com/zh-cn/support,-1
https://expressjs.com/zh-tw/,-1
https://expressjs.com/zh-tw/3x/api.html,-1
https://expressjs.com/zh-tw/4x/api.html,-1
https://expressjs.com/zh-tw/5x/api.html,-1
https://expressjs.com/zh-tw/advanced/best-practice-performance.html,-1
https://expressjs.com/zh-tw/advanced/best-practice-security.html,-1
https://expressjs.com/zh-tw/advanced/developing-template-engines.html,-1
https://expressjs.com/zh-tw/advanced/security-updates.html,-1
https://expressjs.com/zh-tw/api.html,-1
https://expressjs.com/zh-tw/guide/behind-proxies.html,-1
https://expressjs.com/zh-tw/guide/database-integration.html,-1
https://expressjs.com/zh-tw/guide/debugging.html,-1
https://expressjs.com/zh-tw/guide/error-handling.html,-1
https://expressjs.com/zh-tw/guide/migrating-4.html,-1
https://expressjs.com/zh-tw/guide/migrating-5.html,-1
https://expressjs.com/zh-tw/guide/routing.html,-1
https://expressjs.com/zh-tw/guide/using-middleware.html,-1
https://expressjs.com/zh-tw/guide/using-template-engines.html,-1
https://expressjs.com/zh-tw/guide/writing-middleware.html,-1
https://expressjs.com/zh-tw/resources/community.html,-1
https://expressjs.com/zh-tw/resources/glossary.html,-1
https://expressjs.com/zh-tw/resources/middleware.html,-1
https://expressjs.com/zh-tw/starter/basic-routing.html,-1
https://expressjs.com/zh-tw/starter/faq.html,-1
https://expressjs.com/zh-tw/starter/generator.html,-1
https://expressjs.com/zh-tw/starter/hello-world.html,-1
https://expressjs.com/zh-tw/starter/installing.html,-1
https://expressjs.com/zh-tw/starter/static-files.html,-1
https://expressjs.com/zh-tw/support,-1
